doc_id;path;nombre_doc;pb_drive;1stpb;2ndpb;3rdpb
d1ad08c326d1;1 - Climate Change/SDG4/Introduction_ Rethinking History of Science in the Anthropocene.pdf;Introduction_ Rethinking History of Science in the Anthropocene.pdf;1;;;
933573e12633;1 - Climate Change/No SDG/Uncertainty assessment of climate change impacts on the hydrology of small prairie wetlands.pdf;Uncertainty assessment of climate change impacts on the hydrology of small prairie wetlands.pdf;1;1;;
8581e74341ad;1 - Climate Change/SDG14/Variabilities in PM2.5 and Black Carbon Surface Concentrations Reproduced by Aerosol Optical Properties Estimated by In-Situ Data, Ground Based Remote Sensing and Modeling.pdf;Variabilities in PM2.5 and Black Carbon Surface Concentrations Reproduced by Aerosol Optical Properties Estimated by In-Situ Data, Ground Based Remote Sensing and Modeling.pdf;1;;;
8d8ab7ed834f;1 - Climate Change/No SDG/The potential impact of climate change on Australia's soil organic carbon resources.pdf;The potential impact of climate change on Australia's soil organic carbon resources.pdf;1;1;4;
ff6fb1e2be19;1 - Climate Change/No SDG/temp_batch/Climate Changes and Food Quality_ The Potential of Microbial Activities as Mitigating Strategies in the Wine Sector.pdf;Climate Changes and Food Quality_ The Potential of Microbial Activities as Mitigating Strategies in the Wine Sector.pdf;1;1;7;
a3d6daa1a396;1 - Climate Change/SDG1/Economic and social vulnerability because of Covid-19_ poverty and food security.pdf;Economic and social vulnerability because of Covid-19_ poverty and food security.pdf;1;;;
b0a263cd3ba1;1 - Climate Change/No SDG/Climate Change and Agriculture_ Subsistence Farmers’ Response to Extreme Heat.pdf;Climate Change and Agriculture_ Subsistence Farmers’ Response to Extreme Heat.pdf;1;1;;
eaf6d52d5457;1 - Climate Change/SDG13/Sensitivity of precipitation and atmospheric low-level circulation patterns to domain size and choice of parameterization schemes in RegCM4.4 over Central America.pdf;Sensitivity of precipitation and atmospheric low-level circulation patterns to domain size and choice of parameterization schemes in RegCM4.4 over Central America.pdf;1;1;5;
3f271659124f;1 - Climate Change/SDG13/Introduction to the special issue_ the phase I CORDEX RegCM4 hyper-matrix (CREMA) experiment.pdf;Introduction to the special issue_ the phase I CORDEX RegCM4 hyper-matrix (CREMA) experiment.pdf;1;1;;
c21a0b99e259;1 - Climate Change/No SDG/temp_batch/Improving the validation of model-simulated crop yield response to climate change_ an application to the EPIC model.pdf;Improving the validation of model-simulated crop yield response to climate change_ an application to the EPIC model.pdf;1;1;;
ca6e200d678b;1 - Climate Change/SDG6/Variability in the speed of the Brewer–Dobson circulation as observed by Aura_MLS.pdf;Variability in the speed of the Brewer–Dobson circulation as observed by Aura_MLS.pdf;1;1;;
a7b427c227f7;1 - Climate Change/SDG15/temp_batch/A New Tool for Separating the Magnetic Mineralogy of Complex Mineral Assemblages from Low Temperature Magnetic Behavior.pdf;A New Tool for Separating the Magnetic Mineralogy of Complex Mineral Assemblages from Low Temperature Magnetic Behavior.pdf;1;;;
44cb9ddc20a6;1 - Climate Change/No SDG/temp_batch/Arctic climate change_ observed and modelled temperature and sea-ice variability.pdf;Arctic climate change_ observed and modelled temperature and sea-ice variability.pdf;1;1;;
f529304c0629;1 - Climate Change/SDG15/The influence of landscape change on multiple dimensions of human–nature connectedness.pdf;The influence of landscape change on multiple dimensions of human–nature connectedness.pdf;1;;;
5194c7c1714e;1 - Climate Change/No SDG/temp_batch/Climate change and spring-fruiting fungi.pdf;Climate change and spring-fruiting fungi.pdf;1;1;;
dbde52e667aa;1 - Climate Change/No SDG/Climate Change in the North Pacific Using Ice-Rafted Detritus as a Climatic Indicator.pdf;Climate Change in the North Pacific Using Ice-Rafted Detritus as a Climatic Indicator.pdf;1;1;;
3f68844ce318;1 - Climate Change/SDG10/Discovery of Geospatial Discriminating Patterns from Remote Sensing Datasets.pdf;Discovery of Geospatial Discriminating Patterns from Remote Sensing Datasets.pdf;1;;;
733ba5fc919b;2 - Ocean Acidification/No SDG/temp_batch/Dissolved Oxygen and pH Dynamics Coupled to Photosynthesis in Huntington Bay, Western Long Island Sound.pdf;Dissolved Oxygen and pH Dynamics Coupled to Photosynthesis in Huntington Bay, Western Long Island Sound.pdf;2;2;7;
c6e6f6ecfc86;2 - Ocean Acidification/No SDG/temp_batch/Globally consistent assessment of coastal eutrophication.pdf;Globally consistent assessment of coastal eutrophication.pdf;2;4;;
777fe0df0d19;2 - Ocean Acidification/No SDG/temp_batch/How the Pacific Oyster Responds to Ocean Acidification_ Development and Application of a Meta-Analysis Based Adverse Outcome Pathway.pdf;How the Pacific Oyster Responds to Ocean Acidification_ Development and Application of a Meta-Analysis Based Adverse Outcome Pathway.pdf;2;2;;
958e8ae09926;2 - Ocean Acidification/No SDG/temp_batch/Warming Alters Expressions of Microbial Functional Genes Important to Ecosystem Functioning.pdf;Warming Alters Expressions of Microbial Functional Genes Important to Ecosystem Functioning.pdf;2;1;;
d84d0ce7a4c8;2 - Ocean Acidification/No SDG/temp_batch/Effects of ocean acidification on the immune response of the blue mussel Mytilus edulis.pdf;Effects of ocean acidification on the immune response of the blue mussel Mytilus edulis.pdf;2;2;;
84915f5956b8;2 - Ocean Acidification/No SDG/temp_batch/Precision pH Sensor Based on WO3 Nanofiber-Polymer Composites and Differential Amplification.pdf;Precision pH Sensor Based on WO3 Nanofiber-Polymer Composites and Differential Amplification.pdf;2;;;
a31195146871;2 - Ocean Acidification/No SDG/temp_batch/Biogeochemical implications of decomposing jellyfish blooms in a changing climate.pdf;Biogeochemical implications of decomposing jellyfish blooms in a changing climate.pdf;2;2;1;
0866b31f11c4;2 - Ocean Acidification/SDG13/The Weird and the Meta in Jeff VanderMeer's Dead Astronauts.pdf;The Weird and the Meta in Jeff VanderMeer's Dead Astronauts.pdf;2;;;
66c76ad14a95;2 - Ocean Acidification/No SDG/Visualizing a Field of Research With Scientometrics_ Climate Change Associated With Major Aquatic Species Production in the World.pdf;Visualizing a Field of Research With Scientometrics_ Climate Change Associated With Major Aquatic Species Production in the World.pdf;2;1;;
afea8402003b;2 - Ocean Acidification/No SDG/Anthropogenic carbon and ocean pH.pdf;Anthropogenic carbon and ocean pH.pdf;2;2;;
bdf5eac988ad;2 - Ocean Acidification/No SDG/A circular economy approach to plastic waste.pdf;A circular economy approach to plastic waste.pdf;2;8;;
6d34726fa878;2 - Ocean Acidification/No SDG/temp_batch/Ocean acidification decreases plankton respiration_ evidence from a mesocosm experiment.pdf;Ocean acidification decreases plankton respiration_ evidence from a mesocosm experiment.pdf;2;2;;
82b2779f08ea;2 - Ocean Acidification/No SDG/temp_batch/Effects of Ocean Acidification and Temperature Increases on the Photosynthesis of Tropical Reef Calcified Macroalgae.pdf;Effects of Ocean Acidification and Temperature Increases on the Photosynthesis of Tropical Reef Calcified Macroalgae.pdf;2;2;1;
400a9242188e;2 - Ocean Acidification/No SDG/temp_batch/Progressive seawater acidification on the Great Barrier Reef continental shelf.pdf;Progressive seawater acidification on the Great Barrier Reef continental shelf.pdf;2;2;;
23aa02497362;2 - Ocean Acidification/No SDG/Carbonate system parameters of an algal-dominated reef along West Maui.pdf;Carbonate system parameters of an algal-dominated reef along West Maui.pdf;2;2;;
caa0f4f9200b;2 - Ocean Acidification/No SDG/temp_batch/Prey density in non-breeding areas affects adult survival of black-legged kittiwakes Rissa tridactyla.pdf;Prey density in non-breeding areas affects adult survival of black-legged kittiwakes Rissa tridactyla.pdf;2;1;;
7f1cc1191201;2 - Ocean Acidification/No SDG/temp_batch/Recoverable impacts of ocean acidification on the tubeworm, Hydroides elegans_ implication for biofouling in future coastal oceans.pdf;Recoverable impacts of ocean acidification on the tubeworm, Hydroides elegans_ implication for biofouling in future coastal oceans.pdf;2;2;;
e33a9f68417e;3 - Stratospheric Ozone Depletion/No SDG/Comparison of nitrous oxide (N<sub>2<_sub>O) analyzers for high-precision measurements of atmospheric mole fractions.pdf;Comparison of nitrous oxide (N<sub>2<_sub>O) analyzers for high-precision measurements of atmospheric mole fractions.pdf;3;;;
5b69b4b177c8;3 - Stratospheric Ozone Depletion/No SDG/temp_batch/A vertically resolved, global, gap-free ozone database for assessing or constraining global climate model simulations.pdf;A vertically resolved, global, gap-free ozone database for assessing or constraining global climate model simulations.pdf;3;3;;
7d15d84ce20e;3 - Stratospheric Ozone Depletion/No SDG/Exposure to ultraviolet radiation delays photosynthetic recovery in Arctic kelp zoospores.pdf;Exposure to ultraviolet radiation delays photosynthetic recovery in Arctic kelp zoospores.pdf;3;3;;
3159c4d063f0;3 - Stratospheric Ozone Depletion/No SDG/Intensification and deepening of the Arabian Sea Oxygen Minimum Zone in response to increase in Indian monsoon wind intensity.pdf;Intensification and deepening of the Arabian Sea Oxygen Minimum Zone in response to increase in Indian monsoon wind intensity.pdf;3;1;4;
fc1441e078b0;3 - Stratospheric Ozone Depletion/No SDG/temp_batch/A scientific algorithm to simultaneously retrieve carbon monoxide and methane from TROPOMI onboard Sentinel-5 Precursor.pdf;A scientific algorithm to simultaneously retrieve carbon monoxide and methane from TROPOMI onboard Sentinel-5 Precursor.pdf;3;;;
9cdd576a9db7;3 - Stratospheric Ozone Depletion/No SDG/temp_batch/Atmospheric chemistry and global change.pdf;Atmospheric chemistry and global change.pdf;3;3;;
358f64b8021b;3 - Stratospheric Ozone Depletion/SDG14/Rapid increase in ozone-depleting chloroform emissions from China.pdf;Rapid increase in ozone-depleting chloroform emissions from China.pdf;3;3;;
da697160487b;3 - Stratospheric Ozone Depletion/No SDG/Sensitivity of tracer transport to model resolution, prescribed meteorology and tracer lifetime in the general circulation model ECHAM5.pdf;Sensitivity of tracer transport to model resolution, prescribed meteorology and tracer lifetime in the general circulation model ECHAM5.pdf;3;;;
cab713fe6b41;3 - Stratospheric Ozone Depletion/No SDG/Built Environment and Wellbeing—Standards, Multi-Criteria Evaluation Methods, Certifications.pdf;Built Environment and Wellbeing—Standards, Multi-Criteria Evaluation Methods, Certifications.pdf;3;;;
de492b348258;3 - Stratospheric Ozone Depletion/No SDG/Building national emission inventories for the energy sector_ Implications for life cycle assessment and nations environmental footprinting.pdf;Building national emission inventories for the energy sector_ Implications for life cycle assessment and nations environmental footprinting.pdf;3;8;;
c95e30752adf;3 - Stratospheric Ozone Depletion/No SDG/temp_batch/Synthesizing the evidence of nitrous oxide mitigation practices in agroecosystems.pdf;Synthesizing the evidence of nitrous oxide mitigation practices in agroecosystems.pdf;3;3;1;
aac5539aa27b;3 - Stratospheric Ozone Depletion/No SDG/temp_batch/Decreased N2O reduction by low soil pH causes high N2O emissions in a riparian ecosystem.pdf;Decreased N2O reduction by low soil pH causes high N2O emissions in a riparian ecosystem.pdf;3;3;1;
080e222eec5e;3 - Stratospheric Ozone Depletion/No SDG/UAS Chromatograph for Atmospheric Trace Species (UCATS) – a versatile instrument for trace gas measurements on airborne platforms.pdf;UAS Chromatograph for Atmospheric Trace Species (UCATS) – a versatile instrument for trace gas measurements on airborne platforms.pdf;3;;;
042a9073a4dc;3 - Stratospheric Ozone Depletion/SDG13/Anticipating Climate Impacts of Major Volcanic Eruptions.pdf;Anticipating Climate Impacts of Major Volcanic Eruptions.pdf;3;1;3;9
074d00932720;3 - Stratospheric Ozone Depletion/No SDG/Polar stratospheric cloud evolution and chlorine activation measured by CALIPSO and MLS, and modeled by ATLAS.pdf;Polar stratospheric cloud evolution and chlorine activation measured by CALIPSO and MLS, and modeled by ATLAS.pdf;3;3;;
c4fb799a37fd;3 - Stratospheric Ozone Depletion/No SDG/temp_batch/Photoprotective and biotechnological potentials of cyanobacterial sheath pigment, scytonemin.pdf;Photoprotective and biotechnological potentials of cyanobacterial sheath pigment, scytonemin.pdf;3;3;;
c8b475531d7e;3 - Stratospheric Ozone Depletion/SDG14/temp_batch/Structure and long-term change in the zonal asymmetry in Antarctic total ozone during spring.pdf;Structure and long-term change in the zonal asymmetry in Antarctic total ozone during spring.pdf;3;3;;
7c0bf746ba69;4 - Biogeochemical Flows/No SDG/Enrichment, distribution and sources of heavy metals in the sediments of Deception Bay, Queensland, Australia.pdf;Enrichment, distribution and sources of heavy metals in the sediments of Deception Bay, Queensland, Australia.pdf;4;8;;
1b1615a2a91f;4 - Biogeochemical Flows/No SDG/Chars produced by slow pyrolysis and hydrothermal carbonization vary in carbon sequestration potential and greenhouse gases emissions.pdf;Chars produced by slow pyrolysis and hydrothermal carbonization vary in carbon sequestration potential and greenhouse gases emissions.pdf;4;1;;
410aff4dd954;4 - Biogeochemical Flows/No SDG/Anaerobic Methane Oxidation in a Landfill-Leachate Plume.pdf;Anaerobic Methane Oxidation in a Landfill-Leachate Plume.pdf;4;8;;
b9e1bf330baf;4 - Biogeochemical Flows/No SDG/Autotrophic and mixotrophic metabolism of an anammox bacterium revealed by in vivo 13C and 2H metabolic network mapping.pdf;Autotrophic and mixotrophic metabolism of an anammox bacterium revealed by in vivo 13C and 2H metabolic network mapping.pdf;4;4;;
a59af72ab39c;4 - Biogeochemical Flows/No SDG/Chemoautotrophy at Deep-Sea Vents_ Past, Present, and Future.pdf;Chemoautotrophy at Deep-Sea Vents_ Past, Present, and Future.pdf;4;4;;
5b0090a41d47;4 - Biogeochemical Flows/No SDG/Around one third of current Arctic Ocean primary production sustained by rivers and coastal erosion.pdf;Around one third of current Arctic Ocean primary production sustained by rivers and coastal erosion.pdf;4;4;;
6039788ff154;4 - Biogeochemical Flows/No SDG/Environmental mutagenesis during the end-Permian ecological crisis.pdf;Environmental mutagenesis during the end-Permian ecological crisis.pdf;4;3;;
9153f4dcf3d6;4 - Biogeochemical Flows/SDG13/The impact of initial and boundary conditions on severe weather event simulations using a high-resolution WRF model. Case study of the derecho event in Poland on 11 August 2017.pdf;The impact of initial and boundary conditions on severe weather event simulations using a high-resolution WRF model. Case study of the derecho event in Poland on 11 August 2017.pdf;4;;;
4b96859cedec;4 - Biogeochemical Flows/SDG13/The Only Commonality is Uncommonality_ Progressive Protest from the Mid-1980s, Globalization from Below, Environmental Devastation, Climate Change, and Questioning of Industrial Civilization.pdf;The Only Commonality is Uncommonality_ Progressive Protest from the Mid-1980s, Globalization from Below, Environmental Devastation, Climate Change, and Questioning of Industrial Civilization.pdf;4;;;
3c0c667b5363;4 - Biogeochemical Flows/No SDG/temp_batch/Molecular proxies as indicators of freshwater incursion-driven salinity stratification.pdf;Molecular proxies as indicators of freshwater incursion-driven salinity stratification.pdf;4;4;;
cf94a74b8764;4 - Biogeochemical Flows/No SDG/Abundance and activity of major groups of prokaryotic plankton in the coastal North Sea during spring and summer.pdf;Abundance and activity of major groups of prokaryotic plankton in the coastal North Sea during spring and summer.pdf;4;4;;
2ea3de6be731;4 - Biogeochemical Flows/No SDG/Dynamics of particulate organic matter d15N and d13C during spring phytoplankton blooms in a macrotidal ecosystem (Bay of Seine, France).pdf;Dynamics of particulate organic matter d15N and d13C during spring phytoplankton blooms in a macrotidal ecosystem (Bay of Seine, France).pdf;4;4;;
fa215acb1461;4 - Biogeochemical Flows/No SDG/Dissolved and particulate heavy metals distribution in coastal lagoons. A case study from Mar Chiquita Lagoon, Argentina.pdf;Dissolved and particulate heavy metals distribution in coastal lagoons. A case study from Mar Chiquita Lagoon, Argentina.pdf;4;8;;
35031d18c0c9;4 - Biogeochemical Flows/No SDG/temp_batch/Mesoscale eddies_ hotspots of prokaryotic activity and differential community structure in the ocean.pdf;Mesoscale eddies_ hotspots of prokaryotic activity and differential community structure in the ocean.pdf;4;4;;
e07e1529f98b;4 - Biogeochemical Flows/No SDG/How to study deep roots—and why it matters.pdf;How to study deep roots—and why it matters.pdf;4;;;
43d7b50de7d6;4 - Biogeochemical Flows/No SDG/Mechanisms of classical crystal growth theory explain quartz and silicate dissolution behavior.pdf;Mechanisms of classical crystal growth theory explain quartz and silicate dissolution behavior.pdf;4;;;
5a9dcdbf0366;4 - Biogeochemical Flows/No SDG/Model-Based Interpretation of Groundwater Arsenic Mobility during in Situ Reductive Transformation of Ferrihydrite.pdf;Model-Based Interpretation of Groundwater Arsenic Mobility during in Situ Reductive Transformation of Ferrihydrite.pdf;4;8;;
f191a837275d;4 - Biogeochemical Flows/No SDG/temp_batch/Seasonal distribution of dissolved inorganic carbon and net community production on the Bering Sea shelf.pdf;Seasonal distribution of dissolved inorganic carbon and net community production on the Bering Sea shelf.pdf;4;4;;
6c517c5bda80;9 - Atmospheric Aerosol Loading/No SDG/temp_batch/Proxies and Measurement Techniques for Mineral Dust in Antarctic Ice Cores.pdf;Proxies and Measurement Techniques for Mineral Dust in Antarctic Ice Cores.pdf;9;1;;
56c7d6d62d7c;9 - Atmospheric Aerosol Loading/No SDG/temp_batch/Dust Aerosol Characteristics and Shortwave Radiative Impact at a Gobi Desert of Northwest China during the Spring of 2012.pdf;Dust Aerosol Characteristics and Shortwave Radiative Impact at a Gobi Desert of Northwest China during the Spring of 2012.pdf;9;9;1;
0672168600bf;9 - Atmospheric Aerosol Loading/No SDG/Aircraft measurements of aerosol and trace gas chemistry in the eastern North Atlantic.pdf;Aircraft measurements of aerosol and trace gas chemistry in the eastern North Atlantic.pdf;9;9;1;
260cc6707374;9 - Atmospheric Aerosol Loading/No SDG/Atmospheric deposition of organic matter at a remote site in the central Mediterranean Sea_ implications for the marine ecosystem.pdf;Atmospheric deposition of organic matter at a remote site in the central Mediterranean Sea_ implications for the marine ecosystem.pdf;9;9;6;
a2d7c6427ea6;9 - Atmospheric Aerosol Loading/No SDG/temp_batch/Atmospheric nitrous acid (HONO) at a rural coastal site in North China_ Seasonal variations and effects of biomass burning.pdf;Atmospheric nitrous acid (HONO) at a rural coastal site in North China_ Seasonal variations and effects of biomass burning.pdf;9;9;;
7e7db277fd49;9 - Atmospheric Aerosol Loading/No SDG/temp_batch/SO2 Emission Estimates Using OMI SO2 Retrievals for 2005–2017.pdf;SO2 Emission Estimates Using OMI SO2 Retrievals for 2005–2017.pdf;9;9;1;
ea1c763936e6;9 - Atmospheric Aerosol Loading/No SDG/A Simplified and Robust Surface Reflectance Estimation Method (SREM) for Use over Diverse Land Surfaces Using Multi-Sensor Data.pdf;A Simplified and Robust Surface Reflectance Estimation Method (SREM) for Use over Diverse Land Surfaces Using Multi-Sensor Data.pdf;9;;;
edcffe92f4f7;9 - Atmospheric Aerosol Loading/No SDG/Variations in atmospheric PM trace metal content in Spanish towns_ Illustrating the chemical complexity of the inorganic urban aerosol cocktail.pdf;Variations in atmospheric PM trace metal content in Spanish towns_ Illustrating the chemical complexity of the inorganic urban aerosol cocktail.pdf;9;9;;
d1fc7e47a220;9 - Atmospheric Aerosol Loading/No SDG/temp_batch/Loading-dependent elemental composition of ?-pinene SOA particles.pdf;Loading-dependent elemental composition of ?-pinene SOA particles.pdf;9;9;;
b9283c8bb52e;9 - Atmospheric Aerosol Loading/No SDG/Temporal Variability and Characterization of Aerosols across the Pakistan Region during the Winter Fog Periods.pdf;Temporal Variability and Characterization of Aerosols across the Pakistan Region during the Winter Fog Periods.pdf;9;9;1;
08f457a29ab7;9 - Atmospheric Aerosol Loading/No SDG/temp_batch/Reactive Halogens in the Marine Boundary Layer (RHaMBLe)_ the tropical North Atlantic experiments.pdf;Reactive Halogens in the Marine Boundary Layer (RHaMBLe)_ the tropical North Atlantic experiments.pdf;9;9;;
bd9f05de8774;9 - Atmospheric Aerosol Loading/No SDG/Origin of dimethylsulfide, non?sea?salt sulfate, and methanesulfonic acid in eastern Antarctica.pdf;Origin of dimethylsulfide, non?sea?salt sulfate, and methanesulfonic acid in eastern Antarctica.pdf;9;;;
9164ad05c489;9 - Atmospheric Aerosol Loading/No SDG/Radiative characteristics of aerosol during extreme fire event over Siberia in summer 2012.pdf;Radiative characteristics of aerosol during extreme fire event over Siberia in summer 2012.pdf;9;9;1;
ad9445fe976c;9 - Atmospheric Aerosol Loading/No SDG/temp_batch/Hygroscopic properties of aerosol particles at high relative humidity and their diurnal variations in the North China Plain.pdf;Hygroscopic properties of aerosol particles at high relative humidity and their diurnal variations in the North China Plain.pdf;9;9;;
89c5bea6f4b6;9 - Atmospheric Aerosol Loading/SDG6/Flowing Gas Experiments Reveal Mechanistic Details of Interfacial Reactions on a Molecular Level at Knudsen Flow Conditions.pdf;Flowing Gas Experiments Reveal Mechanistic Details of Interfacial Reactions on a Molecular Level at Knudsen Flow Conditions.pdf;9;;;
4f22542e7388;9 - Atmospheric Aerosol Loading/No SDG/A suite of early Eocene (~ 55 Ma) climate model boundary conditions.pdf;A suite of early Eocene (~ 55 Ma) climate model boundary conditions.pdf;9;;;
496666e9b6da;9 - Atmospheric Aerosol Loading/SDG14/Incorporation of advanced aerosol activation treatments into CESM_CAM5_ model evaluation and impacts on aerosol indirect effects.pdf;Incorporation of advanced aerosol activation treatments into CESM_CAM5_ model evaluation and impacts on aerosol indirect effects.pdf;9;1;9;
455162266eca;8 - Novel Entities/No SDG/Attention Please! A Hybrid Resource Recommender Mimicking Attention-Interpretation Dynamics.pdf;Attention Please! A Hybrid Resource Recommender Mimicking Attention-Interpretation Dynamics.pdf;8;;;
e8ac38dcd4f6;8 - Novel Entities/No SDG/Text Classification Algorithms_ A Survey.pdf;Text Classification Algorithms_ A Survey.pdf;8;;;
e727426383d4;8 - Novel Entities/SDG15/Sensitivity of Pollutant Concentrations to the Turbulence Schemes of a Dispersion Modelling Chain over Complex Orography.pdf;Sensitivity of Pollutant Concentrations to the Turbulence Schemes of a Dispersion Modelling Chain over Complex Orography.pdf;8;9;1;
fd7c9736c65e;8 - Novel Entities/No SDG/temp_batch/Current and Emerging Themes in the Structural Analysis of Viral RNA Genomes_ Applications for the Development of Novel Therapeutic Drugs.pdf;Current and Emerging Themes in the Structural Analysis of Viral RNA Genomes_ Applications for the Development of Novel Therapeutic Drugs.pdf;8;;;
3d6573117d0b;8 - Novel Entities/SDG15/Oecumene_ Repositioning Ourselves in Our Habitat.pdf;Oecumene_ Repositioning Ourselves in Our Habitat.pdf;8;7;1;
eac718b2695f;8 - Novel Entities/No SDG/Exploiting Graphic Card Processor Technology to Accelerate Data Mining Queries in SAP NetWeaver BIA.pdf;Exploiting Graphic Card Processor Technology to Accelerate Data Mining Queries in SAP NetWeaver BIA.pdf;8;;;
4c59c898e3d7;8 - Novel Entities/No SDG/Progressive Sarcopenia Correlates with Poor Response and Outcome to Immune Checkpoint Inhibitor Therapy.pdf;Progressive Sarcopenia Correlates with Poor Response and Outcome to Immune Checkpoint Inhibitor Therapy.pdf;8;;;
b98dbc59db77;8 - Novel Entities/No SDG/On Organizational Becoming_ Rethinking Organizational Change.pdf;On Organizational Becoming_ Rethinking Organizational Change.pdf;8;;;
0b7a68d1a06a;8 - Novel Entities/SDG13/A diagnostic interface for the ICOsahedral Non-hydrostatic (ICON) modelling framework based on the Modular Earth Submodel System (MESSy v2.50).pdf;A diagnostic interface for the ICOsahedral Non-hydrostatic (ICON) modelling framework based on the Modular Earth Submodel System (MESSy v2.50).pdf;8;1;;
762d789f17fe;8 - Novel Entities/No SDG/The transcriptomes of novel marmoset monkey embryonic stem cell lines reflect distinct genomic features.pdf;The transcriptomes of novel marmoset monkey embryonic stem cell lines reflect distinct genomic features.pdf;8;;;
73261bea95b6;8 - Novel Entities/No SDG/temp_batch/Rare Titin (TTN) Variants in Diseases Associated with Sudden Cardiac Death.pdf;Rare Titin (TTN) Variants in Diseases Associated with Sudden Cardiac Death.pdf;8;;;
bb87293d7644;8 - Novel Entities/SDG13/20 Years of global climate change governance research_ taking stock and moving forward.pdf;20 Years of global climate change governance research_ taking stock and moving forward.pdf;8;1;;
366136a3d081;8 - Novel Entities/No SDG/ACO-BTM_ A Behavior Trust Model in Cloud Computing Environment.pdf;ACO-BTM_ A Behavior Trust Model in Cloud Computing Environment.pdf;8;;;
6f01ecadd134;8 - Novel Entities/No SDG/Bioinformatic workflow fragment discovery leveraging the social-aware knowledge graph.pdf;Bioinformatic workflow fragment discovery leveraging the social-aware knowledge graph.pdf;8;;;
86f81d458b73;8 - Novel Entities/No SDG/temp_batch/Reform.pdf;Reform.pdf;8;;;
920f794e4330;8 - Novel Entities/No SDG/Finding interesting correlations with conditional heavy hitters.pdf;Finding interesting correlations with conditional heavy hitters.pdf;8;;;
5aaab1fa33a3;8 - Novel Entities/SDG14/Observations and regional modeling of aerosol optical properties, speciation and size distribution over Northern Africa and western Europe.pdf;Observations and regional modeling of aerosol optical properties, speciation and size distribution over Northern Africa and western Europe.pdf;8;9;;
cb831c750a69;7 - Biosphere Integrity/SDG15/Extinct flagships_ linking extinct and threatened species.pdf;Extinct flagships_ linking extinct and threatened species.pdf;7;7;;
8a3d4a75e493;7 - Biosphere Integrity/No SDG/The need of an ethics of planetary sustainability.pdf;The need of an ethics of planetary sustainability.pdf;7;;;
915bef103e53;7 - Biosphere Integrity/SDG15/Influence of contemporary warming on landscape-zonal systems of the East-European sub-continent_ Predictive empirical-statistical modeling.pdf;Influence of contemporary warming on landscape-zonal systems of the East-European sub-continent_ Predictive empirical-statistical modeling.pdf;7;5;7;
6adf36ff1a69;7 - Biosphere Integrity/No SDG/Alleviate The Adverse Effects Of Some Heavy Metals And Improve Quality And Storability Of Tomato And Kidney Bean Plants Grown Under Pollution Conditions.pdf;Alleviate The Adverse Effects Of Some Heavy Metals And Improve Quality And Storability Of Tomato And Kidney Bean Plants Grown Under Pollution Conditions.pdf;7;8;;
a0bf6d5dbb2a;7 - Biosphere Integrity/No SDG/temp_batch/Survival of the fittest author.pdf;Survival of the fittest author.pdf;7;7;;
b04f1061de65;7 - Biosphere Integrity/No SDG/temp_batch/The meaning of life together and inter-relationship in business.pdf;The meaning of life together and inter-relationship in business.pdf;7;;;
b2f5c867cc6d;7 - Biosphere Integrity/SDG13/Innovations and limits in methods of forecasting global environmental change.pdf;Innovations and limits in methods of forecasting global environmental change.pdf;7;1;;
42c958306230;7 - Biosphere Integrity/No SDG/temp_batch/An evaluation of soil retention potential as an important factor of water balance in the landscape.pdf;An evaluation of soil retention potential as an important factor of water balance in the landscape.pdf;7;6;5;
0f11125f1b80;7 - Biosphere Integrity/No SDG/temp_batch/A Large Drop in Atmospheric 14 C_ 12 C and Reduced Melting in the Younger Dryas, Documented with 230 Th Ages of Corals.pdf;A Large Drop in Atmospheric 14 C_ 12 C and Reduced Melting in the Younger Dryas, Documented with 230 Th Ages of Corals.pdf;7;1;;
1710172c2f61;7 - Biosphere Integrity/No SDG/Reports and Discussions.pdf;Reports and Discussions.pdf;7;;;
21ecc353ac74;7 - Biosphere Integrity/No SDG/A Rights Turn in Biodiversity Litigation_.pdf;A Rights Turn in Biodiversity Litigation_.pdf;7;7;;
1abd6b3d8d8b;7 - Biosphere Integrity/No SDG/‘Rapid Scenario Planning’ to Support a Regional Sustainability Transformation Vision_ A Case Study from Blekinge, Sweden.pdf;‘Rapid Scenario Planning’ to Support a Regional Sustainability Transformation Vision_ A Case Study from Blekinge, Sweden.pdf;7;;;
eb62900f32b4;7 - Biosphere Integrity/No SDG/Preliminary thoughts on the application of thermodynamics to the development of sustainability criteria.pdf;Preliminary thoughts on the application of thermodynamics to the development of sustainability criteria.pdf;7;1;;
e034eae8c2fd;7 - Biosphere Integrity/No SDG/Principles Of Higher Education Development In Works Of Russian Philosophers And Scientists Of 20th Century.pdf;Principles Of Higher Education Development In Works Of Russian Philosophers And Scientists Of 20th Century.pdf;7;;;
a4069cbc6d6b;7 - Biosphere Integrity/No SDG/Seasonal Boundary Dynamics Of A Groundwater Surface Water Ecotone.pdf;Seasonal Boundary Dynamics Of A Groundwater Surface Water Ecotone.pdf;7;5;7;
d0182fe4df8d;7 - Biosphere Integrity/No SDG/Adverse Effects_ Thirteen Homeowners Near A Blasting Quarry Bought Out By Quarry Owner.pdf;Adverse Effects_ Thirteen Homeowners Near A Blasting Quarry Bought Out By Quarry Owner.pdf;7;;;
763c5ac1d0cb;7 - Biosphere Integrity/No SDG/An Analysis on Sustainable Development and Green Economy.pdf;An Analysis on Sustainable Development and Green Economy.pdf;7;;;
9c540c6b7af5;6 - Land System Change/SDG7/temp_batch/Investigating thermal properties of gas-filled planetary regoliths using a thermal probe.pdf;Investigating thermal properties of gas-filled planetary regoliths using a thermal probe.pdf;6;;;
3e5fff353a4c;6 - Land System Change/SDG13/temp_batch/Climatic conditions for emergence and flight of mountain pine beetle_ implications for long-distance dispersal.pdf;Climatic conditions for emergence and flight of mountain pine beetle_ implications for long-distance dispersal.pdf;6;7;1;
f21bc832abc6;6 - Land System Change/No SDG/temp_batch/Disturbance type and species life history predict mammal responses to humans.pdf;Disturbance type and species life history predict mammal responses to humans.pdf;6;7;;
9e1320ce502d;6 - Land System Change/SDG13/Hurricane Forecasts with a Mesoscale Suite of Models.pdf;Hurricane Forecasts with a Mesoscale Suite of Models.pdf;6;;;
dbd6c72cd37b;6 - Land System Change/SDG7/Seasonal Correction of Offshore Wind Energy Potential due to Air Density_ Case of the Iberian Peninsula.pdf;Seasonal Correction of Offshore Wind Energy Potential due to Air Density_ Case of the Iberian Peninsula.pdf;6;1;;
b68bd4348e6d;6 - Land System Change/SDG11/MM5 simulations of a SCOS97-NARSTO episode.pdf;MM5 simulations of a SCOS97-NARSTO episode.pdf;6;4;8;
362e76793312;6 - Land System Change/SDG1/Infectious disease emergence and global change_ thinking systemically in a shrinking world.pdf;Infectious disease emergence and global change_ thinking systemically in a shrinking world.pdf;6;1;7;
888d4516378f;6 - Land System Change/SDG13/temp_batch/Commentaries on Top-Cited Boundary-Layer Meteorology Articles.pdf;Commentaries on Top-Cited Boundary-Layer Meteorology Articles.pdf;6;2;;
bbf5ed8cca66;6 - Land System Change/No SDG/temp_batch/Early Lycophyte Evolution.pdf;Early Lycophyte Evolution.pdf;6;;;
697b132b1c14;6 - Land System Change/SDG12/temp_batch/Recyclability, durability and water vapour adsorption of unstabilised and stabilised compressed earth bricks.pdf;Recyclability, durability and water vapour adsorption of unstabilised and stabilised compressed earth bricks.pdf;6;9;7;
fd5e38820a05;6 - Land System Change/No SDG/temp_batch/Spatial Analysis of the Drivers, Characteristics, and Effects of Forest Fragmentation.pdf;Spatial Analysis of the Drivers, Characteristics, and Effects of Forest Fragmentation.pdf;6;7;6;
3bbd6f08b6ac;6 - Land System Change/No SDG/temp_batch/Systems Approach to Management of Water Resources—Toward Performance Based Water Resources Engineering.pdf;Systems Approach to Management of Water Resources—Toward Performance Based Water Resources Engineering.pdf;6;5;1;
662818aff829;6 - Land System Change/SDG11/Synoptic Tactics_ Mapping Territorial Transgressions.pdf;Synoptic Tactics_ Mapping Territorial Transgressions.pdf;6;6;;
d418cdcbdedd;6 - Land System Change/SDG7/Evaluation of the Surface Energy Balance System (SEBS) applied to ASTER imagery with flux-measurements at the SPARC 2004 site (Barrax, Spain).pdf;Evaluation of the Surface Energy Balance System (SEBS) applied to ASTER imagery with flux-measurements at the SPARC 2004 site (Barrax, Spain).pdf;6;;;
bc0e0fcc32f5;6 - Land System Change/SDG7/temp_batch/A comparison of eddy-covariance and large aperture scintillometer measurements with respect to the energy balance closure problem.pdf;A comparison of eddy-covariance and large aperture scintillometer measurements with respect to the energy balance closure problem.pdf;6;1;;
70f693b8a76e;6 - Land System Change/SDG6/Water Group Exospheres and Surface Interactions on the Moon, Mercury, and Ceres.pdf;Water Group Exospheres and Surface Interactions on the Moon, Mercury, and Ceres.pdf;6;;;
8e0c39744cf1;6 - Land System Change/SDG4/Modern Hard SF_ Simulating Physics in Virtual Reality in Cixin Liu’s _The Three-Body Problem_.pdf;Modern Hard SF_ Simulating Physics in Virtual Reality in Cixin Liu’s _The Three-Body Problem_.pdf;6;;;
da95dfe229ec;5 - Global Freshwater Use/No SDG/temp_batch/Internal secular variability in an ocean general circulation model.pdf;Internal secular variability in an ocean general circulation model.pdf;5;;;
61c5ef71efb6;5 - Global Freshwater Use/SDG14/Legal Lamination to Transboundary Movement of Plastic Pollutants.pdf;Legal Lamination to Transboundary Movement of Plastic Pollutants.pdf;5;8;;
9275249d37b1;5 - Global Freshwater Use/No SDG/temp_batch/History, Status, and Future of Oyster Culture in France.pdf;History, Status, and Future of Oyster Culture in France.pdf;5;8;;
0473ab551ece;5 - Global Freshwater Use/No SDG/Analysis of global Aeromonas veronii genomes provides novel information on source of infection and virulence in human gastrointestinal diseases.pdf;Analysis of global Aeromonas veronii genomes provides novel information on source of infection and virulence in human gastrointestinal diseases.pdf;5;5;7;
efb1b08a09c7;5 - Global Freshwater Use/No SDG/temp_batch/Climatologically Significant Effects of Some Approximations in the Bulk Parameterizations of Turbulent Air–Sea Fluxes.pdf;Climatologically Significant Effects of Some Approximations in the Bulk Parameterizations of Turbulent Air–Sea Fluxes.pdf;5;;;
6fa69e1a923c;5 - Global Freshwater Use/SDG14/temp_batch/Eddy characteristics in the eastern South Pacific.pdf;Eddy characteristics in the eastern South Pacific.pdf;5;1;;
2d635b9a81d1;5 - Global Freshwater Use/No SDG/Green method of stemming the tide of invasive marine and freshwater organisms by natural filtration of shipping ballast water.pdf;Green method of stemming the tide of invasive marine and freshwater organisms by natural filtration of shipping ballast water.pdf;5;7;8;
2cca03b7a82b;5 - Global Freshwater Use/No SDG/Forecasting changes in precipitation and temperatures of a regional watershed in Northern Iraq using LARS-WG model.pdf;Forecasting changes in precipitation and temperatures of a regional watershed in Northern Iraq using LARS-WG model.pdf;5;1;5;
600784de6428;5 - Global Freshwater Use/SDG14/temp_batch/Deglacial ice sheet meltdown_ orbital pacemaking and CO<sub>2<_sub> effects.pdf;Deglacial ice sheet meltdown_ orbital pacemaking and CO<sub>2<_sub> effects.pdf;5;1;;
e94f3a3a8624;5 - Global Freshwater Use/SDG2/Development of healthy and sustainable food-based dietary guidelines for the Netherlands.pdf;Development of healthy and sustainable food-based dietary guidelines for the Netherlands.pdf;5;;;
81a2071c7d3b;5 - Global Freshwater Use/No SDG/temp_batch/Sensor Capability and Atmospheric Correction in Ocean Colour Remote Sensing.pdf;Sensor Capability and Atmospheric Correction in Ocean Colour Remote Sensing.pdf;5;9;;
a8f8fca16a7f;5 - Global Freshwater Use/No SDG/Assessment of biodiversity, global distribution, and putative ecological niches of suessiacean dinoflagellates by DNA metabarcoding.pdf;Assessment of biodiversity, global distribution, and putative ecological niches of suessiacean dinoflagellates by DNA metabarcoding.pdf;5;7;;
7f70ba66f24a;5 - Global Freshwater Use/SDG13/Understanding model diversity in future precipitation projections for South America.pdf;Understanding model diversity in future precipitation projections for South America.pdf;5;1;;
b1fb9424d9f7;5 - Global Freshwater Use/SDG11/Use of reinforced ice as alternative building material in cold regions_ an overview.pdf;Use of reinforced ice as alternative building material in cold regions_ an overview.pdf;5;;;
e4ada14572db;5 - Global Freshwater Use/No SDG/Thermal tolerances of Popenaias popeii (Texas hornshell) and its host fish from the Rio Grande Basin, Texas.pdf;Thermal tolerances of Popenaias popeii (Texas hornshell) and its host fish from the Rio Grande Basin, Texas.pdf;5;7;5;
491cd02d01cd;5 - Global Freshwater Use/SDG13/Atlantic Geoscience Society.pdf;Atlantic Geoscience Society.pdf;5;7;;
28dff27f6410;5 - Global Freshwater Use/No SDG/Environmental Impact Assessment of a 1 kW Proton-Exchange Membrane Fuel Cell_ A Mid-Point and End-Point Analysis.pdf;Environmental Impact Assessment of a 1 kW Proton-Exchange Membrane Fuel Cell_ A Mid-Point and End-Point Analysis.pdf;5;8;1;
b39624d6c38a;1 - Climate Change/No SDG/temp_batch/The role of hydrological modelling uncertainties in climate change impact assessments of Irish river catchments.pdf;The role of hydrological modelling uncertainties in climate change impact assessments of Irish river catchments.pdf;1;1;5;
ff153d55d5fd;1 - Climate Change/SDG15/temp_batch/Preventive Medicine for Person, Place, and Planet_ Revisiting the Concept of High-Level Wellness in the Planetary Health Paradigm.pdf;Preventive Medicine for Person, Place, and Planet_ Revisiting the Concept of High-Level Wellness in the Planetary Health Paradigm.pdf;1;;;
03c55a425a95;1 - Climate Change/SDG13/Weakening of the global atmospheric circulation with global warming.pdf;Weakening of the global atmospheric circulation with global warming.pdf;1;1;;
d6963dd457eb;1 - Climate Change/SDG2/temp_batch/We need a sustainable consumption pattern.pdf;We need a sustainable consumption pattern.pdf;1;;;
11e601dd40d6;1 - Climate Change/SDG7/Outlook for Offshore Wind Energy Development in Mexico from WRF Simulations and CMIP6 Projections.pdf;Outlook for Offshore Wind Energy Development in Mexico from WRF Simulations and CMIP6 Projections.pdf;1;1;;
b4accb5e5f62;1 - Climate Change/SDG4/The Impact of Environmental Education on Environmental and Renewable Energy Technology Awareness_ Empirical Evidence from Colombia.pdf;The Impact of Environmental Education on Environmental and Renewable Energy Technology Awareness_ Empirical Evidence from Colombia.pdf;1;;;
ab2d096a1aaf;2 - Ocean Acidification/No SDG/Microbial and biogeochemical responses to projected future nitrate enrichment in the California upwelling system.pdf;Microbial and biogeochemical responses to projected future nitrate enrichment in the California upwelling system.pdf;2;4;;
01a70dbf979d;2 - Ocean Acidification/No SDG/temp_batch/Influence of dispersal processes on the global dynamics of Emperor penguin, a species threatened by climate change.pdf;Influence of dispersal processes on the global dynamics of Emperor penguin, a species threatened by climate change.pdf;2;7;1;
9480a86811a3;2 - Ocean Acidification/No SDG/temp_batch/Combining Natural History Collections with Fisher Knowledge for Community-Based Conservation in Fiji.pdf;Combining Natural History Collections with Fisher Knowledge for Community-Based Conservation in Fiji.pdf;2;7;;
06cdb4126b53;2 - Ocean Acidification/SDG14/Future Opportunities in Scientific Ocean Drilling_ Illuminating Planetary Habitability.pdf;Future Opportunities in Scientific Ocean Drilling_ Illuminating Planetary Habitability.pdf;2;;;
a60e993db94a;2 - Ocean Acidification/No SDG/CO2-induced fertilization impairment in Strongylocentrotus droebachiensis collected in the Arctic.pdf;CO2-induced fertilization impairment in Strongylocentrotus droebachiensis collected in the Arctic.pdf;2;2;;
ed3a2e5f0c07;2 - Ocean Acidification/No SDG/Sponge-Microbe Associations Survive High Nutrients and Temperatures.pdf;Sponge-Microbe Associations Survive High Nutrients and Temperatures.pdf;2;4;;
99797683fbaf;3 - Stratospheric Ozone Depletion/No SDG/Nitrogen isotope ratio of atmospheric N2O as a key to the global cycle of N2O..pdf;Nitrogen isotope ratio of atmospheric N2O as a key to the global cycle of N2O..pdf;3;4;;
50137c06d495;3 - Stratospheric Ozone Depletion/No SDG/Precipitation of salts in freezing seawater and ozone depletion events_ a status report.pdf;Precipitation of salts in freezing seawater and ozone depletion events_ a status report.pdf;3;;;
f89be8cffe97;3 - Stratospheric Ozone Depletion/No SDG/temp_batch/Simple measures of ozone depletion in the polar stratosphere.pdf;Simple measures of ozone depletion in the polar stratosphere.pdf;3;3;;
e7048da28511;3 - Stratospheric Ozone Depletion/No SDG/Life cycle environmental performance and improvement of a yogurt product delivery system.pdf;Life cycle environmental performance and improvement of a yogurt product delivery system.pdf;3;1;3;
c4fb799a37fd;3 - Stratospheric Ozone Depletion/No SDG/temp_batch/Photoprotective and biotechnological potentials of cyanobacterial sheath pigment, scytonemin.pdf;Photoprotective and biotechnological potentials of cyanobacterial sheath pigment, scytonemin.pdf;3;3;;
9ba110d31936;3 - Stratospheric Ozone Depletion/No SDG/Synergetic Aerosol Layer Observation After the 2015 Calbuco Volcanic Eruption Event.pdf;Synergetic Aerosol Layer Observation After the 2015 Calbuco Volcanic Eruption Event.pdf;3;9;;
670ceeb7641d;4 - Biogeochemical Flows/No SDG/Global distribution of carbonate rocks and karst water resources.pdf;Global distribution of carbonate rocks and karst water resources.pdf;4;;;
437469852fd9;4 - Biogeochemical Flows/SDG13/Data, Models and Earth History in Deep Convolution_ Paleoclimate Simulations and their Epistemological Unrest.pdf;Data, Models and Earth History in Deep Convolution_ Paleoclimate Simulations and their Epistemological Unrest.pdf;4;;;
730088fdf1e2;4 - Biogeochemical Flows/No SDG/A round-trip ticket_ the importance of release processes for in-stream nutrient spiraling.pdf;A round-trip ticket_ the importance of release processes for in-stream nutrient spiraling.pdf;4;4;;
1a4300b95a49;4 - Biogeochemical Flows/No SDG/temp_batch/Redistribution of soil metals and organic carbon via lateral flowpaths at the catchment scale in a glaciated upland setting.pdf;Redistribution of soil metals and organic carbon via lateral flowpaths at the catchment scale in a glaciated upland setting.pdf;4;;;
c882a9731d06;4 - Biogeochemical Flows/No SDG/temp_batch/Producer Nutritional Quality Controls Ecosystem Trophic Structure.pdf;Producer Nutritional Quality Controls Ecosystem Trophic Structure.pdf;4;;;
00050f80240e;4 - Biogeochemical Flows/No SDG/Linking agricultural crop management and air quality models for regional to national-scale nitrogen assessments.pdf;Linking agricultural crop management and air quality models for regional to national-scale nitrogen assessments.pdf;4;4;;
e9722863b198;5 - Global Freshwater Use/No SDG/temp_batch/Impacts of Mainstream Hydropower Dams on Fisheries and Agriculture in Lower Mekong Basin.pdf;Impacts of Mainstream Hydropower Dams on Fisheries and Agriculture in Lower Mekong Basin.pdf;5;;;
c36b323b0cc5;5 - Global Freshwater Use/SDG13/temp_batch/The impact of oceanic heat transport on the atmospheric circulation.pdf;The impact of oceanic heat transport on the atmospheric circulation.pdf;5;;;
3e713b4c8d88;5 - Global Freshwater Use/No SDG/Evaluation of the Grey Water Footprint Comparing the Indirect Effects of Different Agricultural Practices.pdf;Evaluation of the Grey Water Footprint Comparing the Indirect Effects of Different Agricultural Practices.pdf;5;5;;
57ada172ece4;5 - Global Freshwater Use/No SDG/Geographic Variability of Sea-Level Change.pdf;Geographic Variability of Sea-Level Change.pdf;5;1;;
ab931c264219;5 - Global Freshwater Use/No SDG/Consistent characterisation factors at midpoint and endpoint relevant to agricultural water scarcity arising from freshwater consumption.pdf;Consistent characterisation factors at midpoint and endpoint relevant to agricultural water scarcity arising from freshwater consumption.pdf;5;5;;
47599affd9a3;5 - Global Freshwater Use/No SDG/Optimization of Urban Water Consumption in Residential Buildings.pdf;Optimization of Urban Water Consumption in Residential Buildings.pdf;5;5;;
b2e0093480c9;6 - Land System Change/SDG11/temp_batch/Sand, silt, salt, water_ entropy as a lens for design in post-industrial landscapes.pdf;Sand, silt, salt, water_ entropy as a lens for design in post-industrial landscapes.pdf;6;;;
e54a64612267;6 - Land System Change/No SDG/temp_batch/On the nature of rainfall intermittency as revealed by different metrics and sampling approaches.pdf;On the nature of rainfall intermittency as revealed by different metrics and sampling approaches.pdf;6;;;
a4fb643800d7;6 - Land System Change/SDG13/Radioactivity in the Atmosphere.pdf;Radioactivity in the Atmosphere.pdf;6;;;
8bcd8f4ff779;6 - Land System Change/No SDG/Impacts of land tenure arrangements on the adaptive capacity of marginalized groups_ The case of Ghanaâ€™s Ejura Sekyedumase and Bongo districts.pdf;Impacts of land tenure arrangements on the adaptive capacity of marginalized groups_ The case of Ghanaâ€™s Ejura Sekyedumase and Bongo districts.pdf;6;;;
6f65d7f2f5f8;6 - Land System Change/No SDG/Analyzing The Impacts Of Land Cover Change To The Hydrologic And Hydraulic Behaviours Of The Philippines Third Largest River Basin.pdf;Analyzing The Impacts Of Land Cover Change To The Hydrologic And Hydraulic Behaviours Of The Philippines Third Largest River Basin.pdf;6;6;5;
d002a922aec5;6 - Land System Change/No SDG/temp_batch/Linking the Abundance of Estuarine Fish and Crustaceans in Nearshore Waters to Shoreline Hardening and Land Cover.pdf;Linking the Abundance of Estuarine Fish and Crustaceans in Nearshore Waters to Shoreline Hardening and Land Cover.pdf;6;6;7;
0f84341d7e44;7 - Biosphere Integrity/No SDG/Scaling up area-based conservation to implement the Global Biodiversity Frameworkâ€™s 30x30 target_ The role of Natureâ€™s Strongholds.pdf;Scaling up area-based conservation to implement the Global Biodiversity Frameworkâ€™s 30x30 target_ The role of Natureâ€™s Strongholds.pdf;7;7;;
915bef103e53;7 - Biosphere Integrity/SDG15/Influence of contemporary warming on landscape-zonal systems of the East-European sub-continent_ Predictive empirical-statistical modeling.pdf;Influence of contemporary warming on landscape-zonal systems of the East-European sub-continent_ Predictive empirical-statistical modeling.pdf;7;1;;
31d4a72f9d6f;7 - Biosphere Integrity/No SDG/The role and significance of environmental safety in the system of ensuring the stateâ€™s economic security.pdf;The role and significance of environmental safety in the system of ensuring the stateâ€™s economic security.pdf;7;;;
78dc23f39924;7 - Biosphere Integrity/No SDG/temp_batch/Revisiting Biodiversity and Ecosystem Functioning through the Lens of Complex Adaptive Systems.pdf;Revisiting Biodiversity and Ecosystem Functioning through the Lens of Complex Adaptive Systems.pdf;7;7;;
5d9cbb3d18a7;7 - Biosphere Integrity/No SDG/The Microplastics Cycle_ An In-Depth Look at a Complex Topic.pdf;The Microplastics Cycle_ An In-Depth Look at a Complex Topic.pdf;7;8;;
691e52606885;7 - Biosphere Integrity/No SDG/Dispersal network structure and infection mechanism shape diversity in a coevolutionary bacteria-phage system.pdf;Dispersal network structure and infection mechanism shape diversity in a coevolutionary bacteria-phage system.pdf;7;;;
bb758b998875;8 - Novel Entities/SDG13/A new parameterization of ice heterogeneous nucleation coupled to aerosol chemistry in WRF-Chem model version 3.5.1_ evaluation through ISDAC measurements.pdf;A new parameterization of ice heterogeneous nucleation coupled to aerosol chemistry in WRF-Chem model version 3.5.1_ evaluation through ISDAC measurements.pdf;8;9;;
12b645b93197;8 - Novel Entities/No SDG/Co-Administration of Resveratrol and Lipoic Acid, or Their Synthetic Combination, Enhances Neuroprotection in a Rat Model of Ischemia_Reperfusion.pdf;Co-Administration of Resveratrol and Lipoic Acid, or Their Synthetic Combination, Enhances Neuroprotection in a Rat Model of Ischemia_Reperfusion.pdf;8;;;
aa624c008b5e;8 - Novel Entities/SDG13/Impact of present and future aircraft NOx and aerosol emissions on atmospheric composition and associated direct radiative forcing of climate.pdf;Impact of present and future aircraft NOx and aerosol emissions on atmospheric composition and associated direct radiative forcing of climate.pdf;8;1;9;
a2f98caf3a74;8 - Novel Entities/SDG2/temp_batch/Development and evaluation of 4WSS electric-driven chassis for high-clearance sprayer.pdf;Development and evaluation of 4WSS electric-driven chassis for high-clearance sprayer.pdf;8;;;
8319c3cdd2d2;8 - Novel Entities/SDG15/Methodology for Lidar Monitoring of Biomass Burning Smoke in Connection with the Land Cover.pdf;Methodology for Lidar Monitoring of Biomass Burning Smoke in Connection with the Land Cover.pdf;8;9;;
788da8b73d1d;8 - Novel Entities/No SDG/Scale-up and evaluation of high solid ionic liquid pretreatment and enzymatic hydrolysis of switchgrass.pdf;Scale-up and evaluation of high solid ionic liquid pretreatment and enzymatic hydrolysis of switchgrass.pdf;8;;;
ec09b2719157;9 - Atmospheric Aerosol Loading/No SDG/temp_batch/Estimation of Asian dust aerosol effect on cloud radiation forcing using Fu-Liou radiative model and CERES measurements.pdf;Estimation of Asian dust aerosol effect on cloud radiation forcing using Fu-Liou radiative model and CERES measurements.pdf;9;9;;
683e518543a2;9 - Atmospheric Aerosol Loading/No SDG/Optical Calibration and Equivalence of a Multiwavelength Thermal_Optical Carbon Analyzer.pdf;Optical Calibration and Equivalence of a Multiwavelength Thermal_Optical Carbon Analyzer.pdf;9;9;;
5ff6f8d3fec5;9 - Atmospheric Aerosol Loading/No SDG/Comparison and complementary use of in situ and remote sensing aerosol measurements in the Athens Metropolitan Area.pdf;Comparison and complementary use of in situ and remote sensing aerosol measurements in the Athens Metropolitan Area.pdf;9;9;;
83964a920703;9 - Atmospheric Aerosol Loading/No SDG/Effect of volcanic emissions on clouds during the 2008 and 2018 Kilauea degassing events.pdf;Effect of volcanic emissions on clouds during the 2008 and 2018 Kilauea degassing events.pdf;9;9;;
83a1b1987b47;9 - Atmospheric Aerosol Loading/No SDG/A first comparison of TROPOMI aerosol layer height (ALH) to CALIOP data.pdf;A first comparison of TROPOMI aerosol layer height (ALH) to CALIOP data.pdf;9;9;;
f13c652030d7;9 - Atmospheric Aerosol Loading/No SDG/Black carbon formation by savanna fires_ Measurements and implications for the global carbon cycle.pdf;Black carbon formation by savanna fires_ Measurements and implications for the global carbon cycle.pdf;9;7;1;