doc_id,title,pb_folder,pb_code_from_folder,filter_status,filter_reason,pred_top1,pred_top2,pred_multilabel,pred_multilabel_count,score_PB1,score_PB2,score_PB3,score_PB4,score_PB5,score_PB6,score_PB7,score_PB8,score_PB9
caede10fa9fe,,7 - Biosphere Integrity,PB7,kept,,PB1,PB7,PB1,1,0.81840867,0.6712873,0.6866523,0.69350374,0.72218114,0.74695665,0.75427973,0.68827426,0.72722703
77e892f9639d,,7 - Biosphere Integrity,PB7,kept,,PB1,PB6,"PB1,PB2,PB5,PB6,PB7",5,0.76949507,0.71296465,0.6845546,0.6759695,0.72063816,0.7326454,0.72525495,0.62897587,0.7083936
8de8c952c9d9,"Inﬂuences of Geohazard Susceptibility onthe Geodiversity of the CoromandelPeninsula, New Zealand",7 - Biosphere Integrity,PB7,kept,,PB6,PB7,"PB1,PB5,PB6,PB7",4,0.62750703,0.61381656,0.5796235,0.6208224,0.6421559,0.6846284,0.6656412,0.53377736,0.60486794
f53614c8ed6d,,7 - Biosphere Integrity,PB7,kept,,PB1,PB7,"PB1,PB6,PB7",3,0.77429605,0.66633505,0.67252964,0.67767566,0.69552755,0.74274224,0.749463,0.6495917,0.70832634
d7abc9bfcdd6,,7 - Biosphere Integrity,PB7,kept,,PB1,PB6,"PB1,PB6",2,0.7831918,0.65124774,0.6505373,0.64969975,0.6756725,0.74891055,0.7152941,0.64786744,0.69689196
69b4ef32d2fc,HISTORY AND PHILOSOPHY OF SCIENCE,7 - Biosphere Integrity,PB7,kept,,PB1,PB7,"PB1,PB2,PB4,PB5,PB6,PB7",6,0.7770867,0.76668036,0.6974377,0.7228028,0.7404818,0.76336044,0.775937,0.662714,0.71124375
a675bb81ae38,,7 - Biosphere Integrity,PB7,kept,,PB1,PB7,"PB1,PB6,PB7",3,0.799965,0.6808435,0.6528167,0.70318,0.6989474,0.7639342,0.7785549,0.72946537,0.7247469
3a2a31543bfb,,7 - Biosphere Integrity,PB7,kept,,PB7,PB1,"PB1,PB6,PB7",3,0.802558,0.7010757,0.6561073,0.7270391,0.71866316,0.78998816,0.80828106,0.7270958,0.7159645
915bef103e53,Natural Resources Conservation and Research (2023),7 - Biosphere Integrity,PB7,kept,,PB6,PB7,"PB1,PB5,PB6,PB7",4,0.65892583,0.5946876,0.60847145,0.65054446,0.6648861,0.7128944,0.674883,0.5124757,0.64686245
23de63e22404,,7 - Biosphere Integrity,PB7,kept,,PB6,PB5,"PB1,PB2,PB4,PB5,PB6,PB7,PB9",7,0.6525239,0.62174374,0.5631122,0.6295124,0.6610211,0.6611413,0.65649706,0.5948547,0.62850106
ae4c98146d8b,,7 - Biosphere Integrity,PB7,kept,,PB1,PB7,"PB1,PB6,PB7,PB9",4,0.84016585,0.74412245,0.72001487,0.78003645,0.766575,0.80382496,0.81223744,0.7712643,0.78783154
f9a46693102f,,7 - Biosphere Integrity,PB7,kept,,PB1,PB7,"PB1,PB5,PB6,PB7,PB9",5,0.6627646,0.59871674,0.55412436,0.59213924,0.61930406,0.65709877,0.6584923,0.58216393,0.6156206
6c5a065271cc,,7 - Biosphere Integrity,PB7,kept,,PB1,PB6,"PB1,PB6,PB7",3,0.8022048,0.67383933,0.64344925,0.7319368,0.7131489,0.780341,0.7741275,0.71457183,0.72467035
4cc687ee6de0,,7 - Biosphere Integrity,PB7,kept,,PB7,PB6,"PB1,PB6,PB7",3,0.7988348,0.72981405,0.6515563,0.7260133,0.74835837,0.83412886,0.85338634,0.69698775,0.7326573
3465cfd747be,,7 - Biosphere Integrity,PB7,kept,,PB7,PB6,"PB1,PB6,PB7",3,0.73424244,0.7033955,0.60119677,0.6753245,0.6933251,0.7384435,0.7648027,0.67213917,0.6651941
32123b85620a,,7 - Biosphere Integrity,PB7,kept,,PB6,PB7,"PB1,PB6,PB7",3,0.7254937,0.6516989,0.5956658,0.66548157,0.6522016,0.7805239,0.7641143,0.6469571,0.6980658
cb831c750a69,Extinct flagships: linking extinct andthreatened species,7 - Biosphere Integrity,PB7,kept,,PB7,PB6,"PB6,PB7",2,0.68914056,0.6756784,0.5652774,0.6537117,0.66588473,0.7405974,0.7952602,0.6824362,0.63591844
3962595567fb,,7 - Biosphere Integrity,PB7,kept,,PB6,PB1,"PB1,PB6,PB7,PB8,PB9",5,0.73299724,0.603994,0.62269795,0.6443974,0.65158963,0.73365337,0.7118062,0.69309545,0.6914627
668b27257adc,ArticleTrialogue on Built Heritage andSustainable Development,7 - Biosphere Integrity,PB7,kept,,PB6,PB7,"PB6,PB7",2,0.7539621,0.6500971,0.6058747,0.68439776,0.6831208,0.82430613,0.8124889,0.6617041,0.6974076
74840dd9c1d4,Engineering Journal of Satbayev University,7 - Biosphere Integrity,PB7,kept,,PB2,PB5,"PB1,PB2,PB4,PB5",4,0.64053243,0.68622875,0.5977521,0.6437317,0.6750323,0.6039007,0.6119276,0.5975813,0.62075627
8398131fe631,ArticleDigital Elevation Models: Terminology and Deﬁnitions,7 - Biosphere Integrity,PB7,kept,,PB6,PB9,"PB1,PB6,PB9",3,0.7840621,0.7182176,0.71966386,0.74989504,0.74736696,0.8244033,0.7568065,0.6434624,0.8017034
698020b7994d,The transformation of the oceans and the future of marine social science,7 - Biosphere Integrity,PB7,kept,,PB2,PB7,"PB2,PB7",2,0.7416692,0.81496584,0.62915975,0.71743524,0.7488868,0.74867076,0.76960146,0.67977715,0.6967496
1e101d3c98e3,SDG editorial: improving life on planet earth – acall to action for service research to achieve thesustainable development goals (SDGs),7 - Biosphere Integrity,PB7,kept,,PB6,PB7,"PB1,PB6,PB7,PB9",4,0.76794374,0.6788166,0.6422941,0.6966572,0.7036197,0.77055204,0.76908344,0.69551617,0.7125544
f1506ea93eac,,7 - Biosphere Integrity,PB7,kept,,PB6,PB1,"PB1,PB2,PB4,PB5,PB6,PB7,PB9",7,0.8296008,0.8157561,0.7704414,0.81962717,0.8064829,0.8315187,0.79387844,0.6688659,0.80805814
c79b399ec7d6,On the Nature of CorporateSustainability,7 - Biosphere Integrity,PB7,kept,,PB1,PB8,"PB1,PB7,PB8,PB9",4,0.83011997,0.7037964,0.6748549,0.7228925,0.7243575,0.7697261,0.7823577,0.7902758,0.7716915
3670f6cc18ba,The Textile Reuse Programme: Building Macro,7 - Biosphere Integrity,PB7,kept,,PB1,PB8,"PB1,PB6,PB7,PB8,PB9",5,0.76776975,0.6154237,0.6138771,0.6987041,0.6645033,0.74630314,0.71206367,0.7543365,0.71395636
990eb48f7b97,ReviewThe Political Economy of Deep Decarbonization:Tradable Energy Quotas for Energy Descent Futures,7 - Biosphere Integrity,PB7,kept,,PB1,PB6,PB1,1,0.83589256,0.64380354,0.6634245,0.66841406,0.6996083,0.75502884,0.71710145,0.6530729,0.7026245
598583f80f13,"Scriptura 97 (2008), pp. 13-36",7 - Biosphere Integrity,PB7,kept,,PB6,PB1,"PB1,PB6,PB7",3,0.7315302,0.66023165,0.60286933,0.6517222,0.6663687,0.73369646,0.7302207,0.65469086,0.6649522
939a0ccc8eb7,,7 - Biosphere Integrity,PB7,kept,,PB1,PB7,"PB1,PB6,PB7,PB8,PB9",5,0.78791475,0.70428413,0.6769745,0.702535,0.7042041,0.7542912,0.75873214,0.74071246,0.7577152
23665344bfdd,ArticleEmergy Perspectives on the EnvironmentalPerformance and Sustainability of Small-ScaleGold Production Systems in Ghana,7 - Biosphere Integrity,PB7,kept,,PB7,PB4,"PB1,PB4,PB5,PB6,PB7,PB8",6,0.725246,0.6893055,0.59278595,0.7529389,0.7481353,0.74969834,0.75576514,0.7175408,0.68073976
ea7edce98afc,Science for the Post-Normal Age,7 - Biosphere Integrity,PB7,kept,,PB1,PB9,"PB1,PB6,PB7,PB9",4,0.75321275,0.6739224,0.6590793,0.6671342,0.659904,0.71439826,0.7013198,0.67565286,0.74027365
ee7690eb3017,"Sign Systems Studies 33.1, 2005",7 - Biosphere Integrity,PB7,kept,,PB1,PB6,"PB1,PB5,PB6,PB7,PB9",5,0.6625676,0.59261,0.5773133,0.5944489,0.6052678,0.64585286,0.6324182,0.58105195,0.62571436
3fb140abace5,,7 - Biosphere Integrity,PB7,kept,,PB1,PB6,"PB1,PB6,PB7,PB9",4,0.702281,0.62425387,0.56897306,0.6139419,0.6265692,0.68469626,0.6620099,0.6276804,0.64446306
54dbcb8ece17,Postmodern Nihilism: Theory and Literature,7 - Biosphere Integrity,PB7,kept,,PB1,PB6,"PB1,PB6,PB7,PB9",4,0.66275793,0.6002638,0.56234586,0.57465416,0.5875603,0.6577706,0.64156055,0.57950354,0.6182521
aeeae8577ce4,ORIGINAL ARTICLE,7 - Biosphere Integrity,PB7,kept,,PB7,PB6,"PB1,PB6,PB7",3,0.7671807,0.683478,0.6270687,0.7352732,0.7318942,0.81810844,0.8268312,0.6964031,0.7229739
d1eb3fb37af0,ORIGINAL RESEARCHpublished: 14 November 2017doi: 10.3389/fmicb.2017.02235,7 - Biosphere Integrity,PB7,kept,,PB1,PB9,"PB1,PB2,PB8,PB9",4,0.7302655,0.67048204,0.6368238,0.6490965,0.64218974,0.66850775,0.6653702,0.6800757,0.6855995
d51cc3a68b8a,467Rev. bioét. (Impr.). 2015; 23 (3): 467-73,7 - Biosphere Integrity,PB7,kept,,PB1,PB9,"PB1,PB3,PB6,PB7,PB8,PB9",6,0.74459255,0.6371515,0.6944089,0.65338355,0.6520515,0.6912721,0.70170045,0.7022289,0.7256554
2980377bcc39,"Democracy & Nature, Vol. 8, No. 1, 2002",7 - Biosphere Integrity,PB7,kept,,PB1,PB6,"PB1,PB6,PB7,PB9",4,0.75987655,0.6409015,0.6331707,0.67757714,0.68578357,0.7587597,0.7328713,0.66237795,0.709731
8d87d487f404,The Arc of the Data Scientific Universe,7 - Biosphere Integrity,PB7,kept,,PB1,PB6,"PB1,PB6,PB7",3,0.7668612,0.6707578,0.6453188,0.6664874,0.6864103,0.73737586,0.7373022,0.659875,0.6917302
4c963afc8c56,Study on Civil Engineering Sustainable Development Strategy,7 - Biosphere Integrity,PB7,kept,,PB1,PB6,"PB1,PB4,PB5,PB6,PB7,PB8,PB9",7,0.70919544,0.6190748,0.5810801,0.6591724,0.6544848,0.7029499,0.67777956,0.6630124,0.66320133
becab7b9845b,Artistic Actions for Sustainabilityin a University Setting,7 - Biosphere Integrity,PB7,kept,,PB7,PB1,"PB1,PB6,PB7",3,0.7383626,0.6629652,0.60125166,0.65982807,0.6676638,0.73743606,0.740384,0.6638975,0.6737027
5165f0dbdc43,Jiang et al. Biochar (2023) 5:2,7 - Biosphere Integrity,PB7,kept,,PB4,PB8,"PB4,PB8",2,0.7279872,0.69300175,0.64605236,0.8101962,0.73977506,0.7478291,0.7410347,0.7790788,0.7311211
a2c25e9e0e56,Graphic Design for the Real World?,7 - Biosphere Integrity,PB7,kept,,PB1,PB6,"PB1,PB6,PB7,PB8,PB9",5,0.7301694,0.61665076,0.596847,0.63993615,0.61952865,0.7136583,0.688071,0.6721629,0.6920303
a6700a80ccf6,Current Opinion in Chemical Engineering,7 - Biosphere Integrity,PB7,kept,,PB8,PB1,PB8,1,0.71496415,0.6565104,0.6259515,0.70391196,0.6366357,0.6516416,0.6525818,0.7970958,0.66596735
4a1a6cf46012,INTERNATIONAL JOURNAL OF SUSTAINABLE CONSTRUCTION ENGINEERING AND TECHNOLOGY,7 - Biosphere Integrity,PB7,kept,,PB8,PB1,"PB1,PB4,PB5,PB6,PB7,PB8",6,0.6906442,0.5965986,0.574373,0.6699762,0.66118777,0.65456825,0.6526027,0.70807177,0.63767195
b262c18c2680,BIODIVERSITY IMPLICATIONS,7 - Biosphere Integrity,PB7,kept,,PB2,PB7,"PB2,PB5,PB6,PB7",4,0.74071157,0.80076635,0.6420794,0.72436285,0.7453697,0.77290887,0.77881753,0.665797,0.71279854
0adc63451013,Вісник Харківського національного університету імені В.Н. Каразіна,7 - Biosphere Integrity,PB7,kept,,PB6,PB1,"PB1,PB5,PB6,PB7",4,0.6811469,0.59489816,0.5422229,0.60932976,0.64437824,0.6825377,0.6635839,0.58101386,0.610453
a2a90a12eca3,Problems and Perspectives in Sustainable Environment in the World: A Legal Study,7 - Biosphere Integrity,PB7,kept,,PB6,PB1,"PB1,PB6,PB7",3,0.7031599,0.6357402,0.61244524,0.64480466,0.6628566,0.72315884,0.69521654,0.6242092,0.6468707
bbbe32750ae2,Archive ouverte UNIGE,7 - Biosphere Integrity,PB7,kept,,PB1,PB6,"PB1,PB6,PB7,PB9",4,0.81427467,0.7078948,0.68661255,0.74525607,0.73654425,0.79048043,0.7684405,0.70923537,0.76743805
02b1449361a0,APN Science Bulletin,7 - Biosphere Integrity,PB7,kept,,PB6,PB7,"PB6,PB7",2,0.6924434,0.63569283,0.6253649,0.69668746,0.6865146,0.763422,0.7142723,0.56873333,0.6473297
ac8e8fd40821,App. Envi. Res. 44(1) (2022): 1-9,7 - Biosphere Integrity,PB7,kept,,PB5,PB4,"PB2,PB4,PB5,PB6,PB7,PB8",6,0.63565123,0.6586293,0.61375964,0.69884133,0.7125206,0.66794944,0.67964804,0.6779219,0.63657975
ef5e7714fa94,Problem of formation of the person in the world sports with position philosophical-anthropological,7 - Biosphere Integrity,PB7,kept,,PB1,PB6,"PB1,PB2,PB5,PB6,PB7,PB9",6,0.5514929,0.5045187,0.48073518,0.49041083,0.5022312,0.54227555,0.5185107,0.45930225,0.516654
fa13617c155b,An Acad Bras Cienc (2020) 92(3): e20180973 DOI da Academia Brasileira de Ciências | Annals of the Brazilian Academy of SciencesPrinted I Online |,7 - Biosphere Integrity,PB7,kept,,PB6,PB7,PB6,1,0.718707,0.6354119,0.6045384,0.7435048,0.7159097,0.8437216,0.776916,0.6230645,0.7011801
146655943731,Trailblazing Egyptian scientists:inspiring stories of successand social progress,7 - Biosphere Integrity,PB7,kept,,PB1,PB6,"PB1,PB6,PB7,PB9",4,0.79232234,0.702542,0.6249569,0.6975463,0.6913142,0.75916994,0.7574542,0.72041804,0.7414371
1fa97d2dd5f5,ORIGINAL ARTICLE,7 - Biosphere Integrity,PB7,kept,,PB6,PB7,"PB6,PB7",2,0.64450455,0.63336045,0.5284287,0.64277864,0.67722267,0.74585605,0.73170745,0.57764965,0.6269701
537274dd10eb,Bomb Pulse Biology,7 - Biosphere Integrity,PB7,kept,,PB1,PB9,"PB1,PB4,PB6,PB8,PB9",5,0.75450665,0.6909318,0.6700465,0.7161094,0.6791848,0.71025765,0.69356334,0.7420596,0.7458356
9a17467c7e67,,7 - Biosphere Integrity,PB7,kept,,PB1,PB8,"PB1,PB8",2,0.71276486,0.5904435,0.642053,0.6124217,0.6008319,0.62524927,0.60584295,0.6675425,0.64555895
25de5deb99bd,"licensee Universidad Nacional de Colombia. Revista DYNA, 89(222), , special engineering education July, 2022, DOI",7 - Biosphere Integrity,PB7,kept,,PB1,PB5,"PB1,PB4,PB5,PB6,PB7,PB8,PB9",7,0.6638166,0.57890046,0.5681784,0.6117703,0.6236592,0.61826164,0.61713946,0.6130454,0.6156117
f3b5fe482f90,,7 - Biosphere Integrity,PB7,kept,,PB4,PB5,"PB1,PB2,PB4,PB5,PB8",5,0.7585949,0.7513208,0.6960643,0.79354525,0.7591873,0.7015286,0.73197216,0.7428072,0.73341143
fa3f79c1ffbd,RESEARCH ARTICLEGenetic analysis and fine mapping of aqualitative trait locus wpb1 for albino paniclebranches in rice,7 - Biosphere Integrity,PB7,kept,,PB4,PB6,"PB1,PB4,PB5,PB6,PB7,PB9",6,0.6214751,0.5849976,0.5320623,0.6593411,0.63317966,0.63349926,0.6047041,0.5616722,0.61953723
c578e92702c5,Contents lists available at ScienceDirect,7 - Biosphere Integrity,PB7,kept,,PB7,PB6,"PB6,PB7",2,0.78442657,0.7011298,0.6627953,0.7676743,0.7636001,0.86257315,0.87400484,0.70028853,0.7554974
85ceea17707d,33NJST| Vol 20 | No. 2 | July-Dec 2021,7 - Biosphere Integrity,PB7,kept,,PB7,PB6,"PB1,PB6,PB7",3,0.78452826,0.6964266,0.6388361,0.72410756,0.7221697,0.7939234,0.8071836,0.69265515,0.7133895
d34d1007ebf9,Environmental Conservation 39 (1): 4–19 C⃝Foundation for Environmental Conservation 2011doi:10.1017/S0376892911000452,7 - Biosphere Integrity,PB7,kept,,PB6,PB7,"PB6,PB7",2,0.76929975,0.6380978,0.63431996,0.69687915,0.7089683,0.83385277,0.782489,0.6183362,0.7157602
e3c0ac3e0d10,Submit Manuscript |,7 - Biosphere Integrity,PB7,kept,,PB7,PB5,"PB2,PB4,PB5,PB6,PB7",5,0.63503003,0.6713227,0.5772573,0.67042565,0.7070401,0.688151,0.713367,0.6451145,0.5962033
b112f10c0ae2,Taphonomy and the role of pumas (Puma concolor) in the formation ofthe archaeological record,7 - Biosphere Integrity,PB7,kept,,PB7,PB6,"PB2,PB4,PB5,PB6,PB7,PB8",6,0.6713244,0.7151469,0.5582005,0.7150502,0.7139941,0.7433043,0.7521672,0.7001884,0.67898023
9f5435f13544,RESEARCH ARTICLEApoptosis like symptoms associated withabortive infection of Mycobacterium smegmatisby mycobacteriophage D29,7 - Biosphere Integrity,PB7,kept,,PB1,PB9,"PB1,PB3,PB4,PB6,PB7,PB9",6,0.6206764,0.5497855,0.58495235,0.57885814,0.5335074,0.58602023,0.564045,0.55861324,0.5937482
e9100628647a,"| 1 |Textual 82, julio-diciembre 2023Economía y políticas públicas",7 - Biosphere Integrity,PB7,kept,,PB6,PB7,"PB1,PB6,PB7",3,0.6330717,0.55126625,0.54137313,0.61956286,0.6229125,0.68854624,0.6413955,0.5372077,0.5879811
635548b7a49f,Research Ideas and Outcomes 9: e108807,7 - Biosphere Integrity,PB7,kept,,PB7,PB6,"PB5,PB6,PB7",3,0.75918454,0.7781455,0.6644883,0.7935611,0.80414796,0.82669544,0.8608592,0.707742,0.7297068
5decd4719a30,"A.H. Oti, W. Tizani, F.H. Abanda, A. Jaly-Zada, J.H.M. Tah. 2016. Structural sustainability appraisal in BIM, Automation in Construction, 69, September 2016, Pages 44–58",7 - Biosphere Integrity,PB7,kept,,PB1,PB8,"PB1,PB6,PB7,PB8,PB9",5,0.72432524,0.6028118,0.6085881,0.6550808,0.61269546,0.67261904,0.68099236,0.69514763,0.6851459
086ae9e7d429,"ArticleComplex Systems, Agroecological Matrices, andManagement of Forest Resources: An Example of anApplication in Los Tuxtlas, Veracruz, Mexico",7 - Biosphere Integrity,PB7,kept,,PB6,PB7,"PB6,PB7",2,0.76831686,0.6628059,0.64133936,0.7747965,0.75504816,0.85844046,0.8104122,0.6515856,0.73351467
4bbfa4e688b5,,7 - Biosphere Integrity,PB7,kept,,PB1,PB7,"PB1,PB6,PB7",3,0.8208579,0.69471794,0.65688294,0.7193076,0.74287504,0.8026975,0.8077965,0.70461565,0.742847
91f92651aba6,"Integrity, stability and management of protection forestsin the European Alps",7 - Biosphere Integrity,PB7,kept,,PB7,PB6,"PB6,PB7",2,0.7146169,0.6260275,0.616039,0.7037138,0.6876309,0.7906913,0.80614614,0.6073076,0.68131125
2d978f660bfd,ArticleDevelopment of a Metric of Aquatic Invertebrates forVolunteers (MAIV): A Simple and Friendly BioticMetric to Assess Ecological Quality of Streams,7 - Biosphere Integrity,PB7,kept,,PB7,PB5,"PB1,PB2,PB4,PB5,PB6,PB7,PB9",7,0.76732653,0.7553687,0.6607815,0.7945461,0.80282396,0.79009724,0.81157255,0.7466997,0.7649009
ff4324c84003,Mostacedo‐Marasovic et al. Discip Interdscip Sci Educ Res (2022) 4:25,7 - Biosphere Integrity,PB7,kept,,PB5,PB1,"PB1,PB4,PB5,PB7",4,0.7053521,0.67667925,0.6289358,0.7024524,0.74795234,0.68333596,0.7002895,0.6728869,0.650913
b928bd2e680a,,7 - Biosphere Integrity,PB7,kept,,PB6,PB7,"PB6,PB7",2,0.7167629,0.6378372,0.5648895,0.6930464,0.6781473,0.8129335,0.8073777,0.64398706,0.65828454
3cd46e65221b,ORIGINAL RESEARCHpublished: 07 July 2016doi: 10.3389/fpls.2016.01014,7 - Biosphere Integrity,PB7,kept,,PB7,PB6,"PB1,PB6,PB7,PB8,PB9",5,0.7377593,0.6882438,0.6287973,0.68517655,0.68995893,0.74204254,0.7511793,0.69294626,0.7094306
c18792eb090f,ArticleTowards a New Paradigm in Water Management:Cochabamba’s Water Agenda froman Ethical Approach,7 - Biosphere Integrity,PB7,kept,,PB5,PB6,"PB5,PB6,PB7",3,0.672151,0.64022845,0.6089288,0.67249954,0.74755263,0.694752,0.693811,0.6074822,0.6006323
d43daf5f8276,ORIGINAL RESEARCH,7 - Biosphere Integrity,PB7,kept,,PB6,PB7,"PB6,PB7",2,0.72475296,0.60892594,0.59149086,0.7008917,0.6711146,0.8051777,0.78653574,0.69522876,0.6860709
4c33151055f5,"Earth Common Journal Vol. 1, No. 1, September 2011 Efficacy of Green Roof Technology in Colder Climates",7 - Biosphere Integrity,PB7,kept,,PB6,PB1,"PB1,PB4,PB6,PB7",4,0.75819063,0.6441853,0.6374923,0.7127051,0.683197,0.76566356,0.7287656,0.6805501,0.7003703
58cc7478e261,,7 - Biosphere Integrity,PB7,kept,,PB3,PB5,"PB1,PB3,PB4,PB5,PB8,PB9",6,0.563566,0.5319599,0.60191125,0.5728505,0.5737983,0.5244659,0.514546,0.54275644,0.5611374
42b9b86fd279,,7 - Biosphere Integrity,PB7,kept,,PB7,PB5,"PB2,PB4,PB5,PB6,PB7",5,0.71041703,0.7902483,0.6280759,0.7778537,0.79067886,0.7890156,0.82944274,0.70840085,0.6998012
ecf336a8e321,7(2): 441-454,7 - Biosphere Integrity,PB7,kept,,PB7,PB6,"PB1,PB6,PB7",3,0.67804325,0.6542764,0.5628325,0.60030705,0.6151102,0.7139197,0.7219777,0.6186111,0.62385106
54d68075b7d0,PHYTOGEOGRAPHICAL,7 - Biosphere Integrity,PB7,kept,,PB6,PB7,"PB1,PB6,PB7",3,0.7267991,0.6694688,0.624704,0.699847,0.69867045,0.7775764,0.74701345,0.6129407,0.6958608
994e0229ff2f,Research article,7 - Biosphere Integrity,PB7,kept,,PB6,PB7,"PB1,PB6,PB7",3,0.8188611,0.7114298,0.66785586,0.7849962,0.76640034,0.87307477,0.8526821,0.73428583,0.8112695
9ac2eab8efd0,"Documents d’Anàlisi Geogràfica 2014, vol. 60/3 573-596",7 - Biosphere Integrity,PB7,kept,,PB5,PB7,PB5,1,0.7262287,0.7324408,0.6620265,0.72727525,0.8145109,0.7394263,0.7507407,0.6440693,0.6520027
d8ad10208159,"7THE PEDAGOGICAL PROCESS: THEORY AND PRACTICE (SERIES: PEDAGOGY) № 4 (59), 2017ISSN 2412-0154 (Online)",7 - Biosphere Integrity,PB7,kept,,PB5,PB6,"PB1,PB2,PB3,PB4,PB5,PB6,PB7,PB8,PB9",9,0.49920443,0.45743883,0.45557886,0.48440185,0.51031476,0.5094172,0.48594737,0.46072224,0.47818786
b98163178c18,Stoichiometric constraints on the microbial processing of carbonwith soil depth along a riparian hillslope,7 - Biosphere Integrity,PB7,kept,,PB4,PB5,PB4,1,0.6991096,0.7366259,0.6634935,0.8540461,0.77847004,0.76063573,0.7675918,0.6776082,0.7250291
5d47b74f0472,"Tom Regan, ""The Natu re and Possibil-ity of an Environmental Ethic,"" Envi-",7 - Biosphere Integrity,PB7,kept,,PB1,PB6,"PB1,PB6,PB7,PB9",4,0.8002348,0.70413756,0.6719575,0.7207905,0.71685207,0.7760835,0.7582398,0.7159946,0.7531509
70ed2ebf7c99,"Zeitschrift für Praktische PhilosophieBand 7, Heft 2, 2020, S. 191–220",7 - Biosphere Integrity,PB7,kept,,PB7,PB1,"PB1,PB6,PB7",3,0.79861844,0.7213959,0.66269886,0.72181594,0.71759117,0.79095227,0.8144512,0.7050078,0.737005
1a5d6dfbb7ac,UC MercedFrontiers of Biogeography,7 - Biosphere Integrity,PB7,kept,,PB7,PB6,"PB1,PB6,PB7",3,0.81350386,0.7466979,0.682008,0.7597543,0.77119434,0.85892713,0.871956,0.71946824,0.76881385
7c866f60a638,Probiotic treatment by indigenous bacteria decreased mortality without disturbing the 1,7 - Biosphere Integrity,PB7,kept,,PB2,PB8,"PB2,PB4,PB5,PB7,PB8",5,0.61642253,0.7113863,0.5821245,0.7010324,0.6717439,0.61534846,0.67741036,0.7043308,0.6042683
6d79ab0a444d,IoT solution information security certification conceptualframeworkIoT solution information security,7 - Biosphere Integrity,PB7,kept,,PB1,PB8,"PB1,PB8",2,0.7089544,0.5530009,0.54832804,0.5840668,0.53511494,0.63707787,0.6110742,0.6624106,0.646399
580688928207,Article 25fa pilot End User Agreement,7 - Biosphere Integrity,PB7,kept,,PB1,PB7,PB1,1,0.7996615,0.6564263,0.644738,0.68796253,0.7010198,0.71607274,0.7211143,0.71403456,0.71738017
d68e4c070376,International Journal ofGeo-Information,7 - Biosphere Integrity,PB7,kept,,PB6,PB1,"PB1,PB6,PB7,PB9",4,0.75328314,0.614131,0.61693597,0.68740374,0.7021758,0.77012295,0.7149735,0.6660338,0.74247295
f2171a1fb302,Frontiers in Microbiology01frontiersin.org,7 - Biosphere Integrity,PB7,kept,,PB4,PB5,"PB1,PB2,PB4,PB5,PB6,PB7,PB8,PB9",8,0.6231165,0.5984754,0.56329215,0.64962566,0.6236143,0.6108171,0.59884727,0.61429536,0.59082675
24804b133e1e,,7 - Biosphere Integrity,PB7,kept,,PB1,PB6,"PB1,PB6",2,0.75596046,0.64415264,0.6189291,0.62618726,0.65597963,0.71555465,0.69355655,0.629858,0.69063705
2e3793d566e6,,7 - Biosphere Integrity,PB7,kept,,PB1,PB9,"PB1,PB2,PB5,PB6,PB7,PB9",6,0.70539856,0.6514727,0.6220638,0.62517494,0.65095484,0.64789224,0.6548326,0.64102036,0.65933347
f467bcfc7a57,Author-formatted document posted on 26/01/2022,7 - Biosphere Integrity,PB7,kept,,PB7,PB6,"PB1,PB6,PB7",3,0.84602267,0.76084834,0.7031622,0.8006607,0.78543615,0.8769091,0.8937327,0.7509886,0.8169097
13e806ac93a8,Zhang et al. One Health Advances (2024) 2:8,7 - Biosphere Integrity,PB7,kept,,PB6,PB7,"PB6,PB7",2,0.6947577,0.61429495,0.6044538,0.68767107,0.68223166,0.7646235,0.76436675,0.6072963,0.65261805
39972d033db0,ORIGINAL RESEARCH,7 - Biosphere Integrity,PB7,kept,,PB1,PB9,"PB1,PB6,PB9",3,0.70877874,0.63410676,0.61392283,0.6361938,0.64665425,0.67032295,0.64706254,0.6445127,0.677211
884028351f38,Journal of Contemporary Psychotherapy (2023) 53:343–348,7 - Biosphere Integrity,PB7,kept,,PB1,PB7,"PB1,PB6,PB7",3,0.72074944,0.6407262,0.5869805,0.62466085,0.6291339,0.67536366,0.7000468,0.65263206,0.65775526
628953a92262,ArticleTransformative Environmental Constitutionalism’sResponse to the Setting Aside of South Africa’sMoratorium on Rhino Horn Trade,7 - Biosphere Integrity,PB7,kept,,PB6,PB7,"PB6,PB7",2,0.6527495,0.6129991,0.57903564,0.64802325,0.657056,0.72461224,0.7182307,0.6401204,0.6184284
cffcb474b25d,RESEARCH ARTICLEChanges to the Fossil Record of Insectsthrough Fifteen Years of Discovery,7 - Biosphere Integrity,PB7,kept,,PB7,PB6,"PB1,PB2,PB6,PB7",4,0.77146506,0.7501659,0.637487,0.7129039,0.7242668,0.7898065,0.79983735,0.6961497,0.73606724
fa08e95aacd3,The European Proceedings of Social and Behavioural Sciences,7 - Biosphere Integrity,PB7,kept,,PB6,PB7,"PB6,PB7",2,0.63360596,0.53127795,0.51008517,0.5704305,0.61009204,0.6947037,0.67618597,0.53072476,0.5877119
41e9a0931b38,"PROGRAM OVERVIEW AND SELECTED PAPERS FROM THE TOXIC-WASTE PROGRAM TECHNICAL MEETING: TUCSON, ARIZONA, MARCH 20-22, 1984",7 - Biosphere Integrity,PB7,kept,,PB9,PB1,"PB1,PB4,PB5,PB6,PB8,PB9",6,0.70402044,0.647886,0.6164365,0.694999,0.6848606,0.6782665,0.63374954,0.66771126,0.7096255
2084bb92ee7e,"Global Biodiversity: Earth's Living Resources in the21st Century by Groombridge, B. & Jenkins, M.D.(2000), 246 pp., ISBN 1 899628 15 0, £29.99/$50.00.World Conservation Press, Cambridge, UK.",7 - Biosphere Integrity,PB7,kept,,PB7,PB6,"PB1,PB6,PB7",3,0.75220585,0.70964974,0.6343955,0.72155964,0.7131603,0.7964356,0.80312264,0.6765512,0.72725594
fdc1491fce89,"Journal of Geomatics Vol. 17, No. 1, April 2023",7 - Biosphere Integrity,PB7,kept,,PB6,PB7,"PB6,PB7",2,0.7166458,0.6428182,0.5808713,0.70495737,0.7087805,0.7833985,0.77074885,0.65148926,0.68267256
7b0ae93ee528,1 / 32 Rethinking entrenched narratives about protected areas and human wellbeing in the Global South UCL OPEN ENVIRONMENT,7 - Biosphere Integrity,PB7,kept,,PB7,PB6,"PB6,PB7",2,0.7941776,0.68231887,0.6438776,0.74361104,0.7425202,0.8484871,0.86489344,0.70877355,0.72734576
3620708eec62,,9 - Atmospheric Aerosol Loading,PB9,kept,,PB9,PB3,"PB1,PB3,PB9",3,0.75852835,0.73438025,0.7922749,0.71956694,0.7113798,0.7358265,0.6907378,0.60939777,0.8105843
ac1e3811802d,"ArticleECMWF Atmospheric Proﬁles in Maroua, Cameroon:Analysis and Overview of the Simulation ofDownward Global Solar Radiation",9 - Atmospheric Aerosol Loading,PB9,kept,,PB3,PB9,"PB1,PB3,PB9",3,0.73569226,0.6881678,0.78437513,0.69954,0.70364153,0.7160629,0.6612205,0.53211725,0.7541852
8316d9eaa877,,9 - Atmospheric Aerosol Loading,PB9,kept,,PB1,PB6,"PB1,PB6,PB9",3,0.8475594,0.7545582,0.77124584,0.7520771,0.7566638,0.8163362,0.7838791,0.65856737,0.8083642
84cee02c61f4,,9 - Atmospheric Aerosol Loading,PB9,kept,,PB1,PB9,"PB1,PB3,PB6,PB9",4,0.79840183,0.6706272,0.74529797,0.7055077,0.7057561,0.75402206,0.72126395,0.6963532,0.7669488
f8511f096ff0,,9 - Atmospheric Aerosol Loading,PB9,kept,,PB9,PB3,"PB1,PB3,PB9",3,0.7830763,0.73539686,0.8157027,0.73583585,0.72993886,0.75673556,0.70496714,0.6134571,0.8332666
08ea4a68c4d3,"83Research eco.mont - , Number 2, July 2015 print version online version",7 - Biosphere Integrity,PB7,kept,,PB7,PB6,"PB6,PB7",2,0.66053665,0.6567145,0.58366257,0.6609603,0.7001521,0.7729923,0.7736249,0.5724063,0.62812966
97d5af9aadd2,ArticleWeather Effects of Aerosols in the Global Forecast Model,9 - Atmospheric Aerosol Loading,PB9,kept,,PB3,PB9,"PB3,PB9",2,0.7050894,0.66690826,0.8100315,0.67361516,0.6741132,0.6635355,0.6109194,0.5215618,0.7564888
b753b1c7b404,Aerosols and tides in the martian tropics during southernhemisphere spring equinox from Mars Climate Sounder data,9 - Atmospheric Aerosol Loading,PB9,kept,,PB9,PB3,"PB1,PB2,PB3,PB6,PB9",5,0.759401,0.75684905,0.7798921,0.71268016,0.7300135,0.7471284,0.7061727,0.58294535,0.79674536
a6bc87ec45f7,"205SOLA, 2017, , 205−208",9 - Atmospheric Aerosol Loading,PB9,kept,,PB9,PB3,"PB1,PB3,PB6,PB9",4,0.7471753,0.72058785,0.78287053,0.7018638,0.6979747,0.7522483,0.7031292,0.6063602,0.80138147
de0525836bce,33 Corresponding,9 - Atmospheric Aerosol Loading,PB9,kept,,PB9,PB3,"PB3,PB9",2,0.7221977,0.70387864,0.7473931,0.7110013,0.7017476,0.70574594,0.6658282,0.6050173,0.79418796
56c20312d767,npj | climate and atmospheric scienceArticle,9 - Atmospheric Aerosol Loading,PB9,kept,,PB1,PB6,"PB1,PB2,PB3,PB6,PB7,PB9",6,0.77459097,0.7258946,0.7582534,0.70167696,0.7142922,0.7692058,0.7368382,0.5989758,0.74643147
92c0764160f4,,9 - Atmospheric Aerosol Loading,PB9,kept,,PB3,PB9,"PB3,PB9",2,0.6778976,0.69669455,0.76513314,0.6743967,0.6756418,0.69339436,0.6597781,0.56120443,0.74229276
4e68774438d1,,9 - Atmospheric Aerosol Loading,PB9,kept,,PB9,PB6,"PB1,PB3,PB6,PB9",4,0.8180763,0.710591,0.7968056,0.7690718,0.72961926,0.8372215,0.7712085,0.6561527,0.8438502
b646e01d58f7,,9 - Atmospheric Aerosol Loading,PB9,kept,,PB3,PB9,"PB3,PB9",2,0.6812196,0.68049395,0.74205244,0.6727174,0.6765503,0.6768557,0.65500844,0.5655071,0.71176726
eb23296802dc,Northern dimming and southernbrightening in eastern Chinaduring the ﬁrst decade of the 21stcentury,9 - Atmospheric Aerosol Loading,PB9,kept,,PB3,PB1,"PB1,PB2,PB3,PB5,PB6,PB7,PB9",7,0.6609956,0.64606655,0.6644977,0.5964841,0.63489944,0.6506531,0.60811096,0.46493906,0.6310562
4199fd796831,,9 - Atmospheric Aerosol Loading,PB9,kept,,PB3,PB9,"PB2,PB3,PB9",3,0.72349495,0.7362883,0.78607726,0.6888112,0.69504106,0.72152615,0.6520057,0.53495824,0.770787
e9caa503506e,,7 - Biosphere Integrity,PB7,kept,,PB6,PB1,"PB1,PB6,PB7",3,0.78127295,0.7329285,0.68233573,0.74320984,0.74402833,0.8194382,0.761941,0.61506605,0.75777197
f16893cc4871,Geosci. Instrum..0 License,9 - Atmospheric Aerosol Loading,PB9,kept,,PB9,PB1,"PB1,PB6,PB9",3,0.8261575,0.7382556,0.78402615,0.77269346,0.7603384,0.8171198,0.7678405,0.69356835,0.8533134
513b208069a2,,9 - Atmospheric Aerosol Loading,PB9,kept,,PB3,PB9,"PB1,PB2,PB3,PB4,PB5,PB6,PB7,PB9",8,0.75174373,0.72579765,0.7591098,0.7272106,0.739823,0.7398207,0.7045465,0.5686044,0.7553456
b86db86c82dc,,9 - Atmospheric Aerosol Loading,PB9,kept,,PB9,PB3,"PB1,PB3,PB9",3,0.72631717,0.6921105,0.7667621,0.6900518,0.6721138,0.7177237,0.64628667,0.5808569,0.7862456
c36a4d60b26d,Uncertainty in predicting the Eurasian snow: Intercomparison ofland surface models coupled to a regional climate model,9 - Atmospheric Aerosol Loading,PB9,kept,,PB3,PB9,"PB1,PB2,PB3,PB4,PB5,PB6,PB9",7,0.7488315,0.73800117,0.7787156,0.7342299,0.7514833,0.75550437,0.7032953,0.57269514,0.7570678
8c243fe65a78,,9 - Atmospheric Aerosol Loading,PB9,kept,,PB9,PB3,"PB1,PB3,PB6,PB9",4,0.758849,0.72329766,0.7844991,0.72546816,0.716789,0.77886796,0.71223,0.588083,0.81001157
1fd9ca85ee1c,,9 - Atmospheric Aerosol Loading,PB9,kept,,PB3,PB9,"PB1,PB3,PB9",3,0.75493836,0.7145305,0.80903184,0.7259291,0.7250999,0.7420605,0.6941625,0.57050604,0.7830734
b2d1680a377c,"TAO, Vol. 16, No. 5, 959-987, December 2005",9 - Atmospheric Aerosol Loading,PB9,kept,,PB3,PB9,"PB3,PB6,PB9",3,0.6823667,0.6624036,0.75604355,0.66735893,0.6755609,0.69670147,0.63595563,0.4798839,0.69824576
c7e03b281671,,9 - Atmospheric Aerosol Loading,PB9,kept,,PB6,PB1,"PB1,PB2,PB3,PB5,PB6,PB7,PB9",7,0.75318843,0.73297,0.732081,0.69170284,0.72678083,0.76706314,0.7237094,0.56431437,0.7328368
2ec67d6a1d57,,9 - Atmospheric Aerosol Loading,PB9,kept,,PB9,PB1,"PB1,PB6,PB9",3,0.8032641,0.7171201,0.77456766,0.74402165,0.73265404,0.7851758,0.7387575,0.6513129,0.84078366
4faf0e51fd64,This is the author’s accepted manuscript (AAM) of: 1,9 - Atmospheric Aerosol Loading,PB9,kept,,PB9,PB1,"PB1,PB2,PB3,PB5,PB6,PB7,PB9",7,0.7728139,0.75565255,0.7683124,0.70999265,0.7210356,0.7698355,0.7299419,0.59022343,0.7809779
e0bb824eb56d,"Tellus (2009), 61B, 325–339C⃝2008 The AuthorsJournal compilation C⃝2008 Blackwell MunksgaardPrinted in Singapore. All rights reserved",9 - Atmospheric Aerosol Loading,PB9,kept,,PB9,PB3,"PB3,PB9",2,0.67438054,0.6269985,0.73585397,0.6499913,0.6291224,0.66809833,0.6070025,0.5464057,0.75456315
c259ebc138b6,,9 - Atmospheric Aerosol Loading,PB9,kept,,PB3,PB9,"PB3,PB6,PB9",3,0.72961855,0.72123814,0.7926047,0.72116935,0.71421075,0.7579583,0.6954032,0.56525946,0.7885472
26ee26147806,,9 - Atmospheric Aerosol Loading,PB9,kept,,PB3,PB1,"PB1,PB3,PB5,PB9",4,0.70296127,0.66083634,0.7390505,0.6400387,0.70041406,0.6772312,0.6589031,0.5395622,0.68989563
a13c82467fce,,9 - Atmospheric Aerosol Loading,PB9,kept,,PB3,PB9,"PB1,PB3,PB6,PB9",4,0.74670225,0.7008357,0.7897214,0.69624287,0.6893034,0.7378471,0.6812742,0.544414,0.7821617
d4d8501bb30c,Nat. Hazards.0 License,9 - Atmospheric Aerosol Loading,PB9,kept,,PB3,PB9,"PB1,PB3,PB6,PB9",4,0.7185877,0.6566348,0.7748087,0.6856539,0.6921566,0.731,0.69211215,0.58767694,0.76054555
63d23e9a4dc1,,9 - Atmospheric Aerosol Loading,PB9,kept,,PB3,PB9,"PB1,PB2,PB3,PB9",4,0.72736967,0.74591875,0.78711396,0.67937124,0.6905454,0.69405854,0.6650711,0.56799966,0.75291204
5fd24cce20fc,,9 - Atmospheric Aerosol Loading,PB9,kept,,PB9,PB3,"PB1,PB3,PB6,PB9",4,0.8087994,0.76420105,0.8162462,0.7634982,0.7529622,0.7837394,0.721977,0.6192441,0.8413143
ade6ec1b95f0,ArticleEvaluation of WRF-Chem Predictions for DustDeposition in Southwestern Iran,9 - Atmospheric Aerosol Loading,PB9,kept,,PB9,PB6,"PB1,PB3,PB4,PB5,PB6,PB7,PB9",7,0.7811316,0.7276313,0.7533039,0.7862947,0.7748265,0.8056993,0.7533727,0.6646954,0.8112589
65e694af7faa,,9 - Atmospheric Aerosol Loading,PB9,kept,,PB3,PB1,"PB1,PB2,PB3,PB6,PB9",5,0.79772717,0.7467047,0.80245924,0.71563745,0.7343634,0.7734461,0.71974593,0.56905943,0.78169465
2e36dd598493,Modern Applied Science; ; 2015,9 - Atmospheric Aerosol Loading,PB9,kept,,PB9,PB6,"PB1,PB6,PB9",3,0.8044684,0.7183702,0.78552395,0.77123153,0.7445673,0.82003564,0.7599022,0.6505961,0.85648024
fe00a7a096b4,Potential Dust Induced Changes onthe Seasonal Variability ofTemperature Extremes Over theSahel: A Regional Climate ModelingStudy,9 - Atmospheric Aerosol Loading,PB9,kept,,PB2,PB5,"PB1,PB2,PB3,PB4,PB5,PB6,PB7",7,0.67215306,0.7008083,0.6478162,0.6776792,0.69904274,0.67058,0.6648797,0.56095666,0.6322288
db513395a42a,,9 - Atmospheric Aerosol Loading,PB9,kept,,PB3,PB9,"PB1,PB3,PB6,PB9",4,0.7402376,0.71364236,0.78552777,0.69704956,0.70817626,0.7330167,0.6823945,0.5412531,0.76764387
b6a9612a2131,"IEEE TRANSACTIONS ON GEOSCIENCE AND REMOTE SENSING, VOL. 48, NO. 1, JANUARY 2010237",9 - Atmospheric Aerosol Loading,PB9,kept,,PB9,PB3,"PB3,PB9",2,0.7192885,0.69642174,0.7786719,0.71099365,0.6998777,0.7241961,0.66956043,0.584592,0.79393554
61a54f445dfb,"1August 19, 2014Journal of Emerging Investigators",9 - Atmospheric Aerosol Loading,PB9,kept,,PB1,PB3,"PB1,PB3,PB4,PB5,PB6,PB9",6,0.8082571,0.7264041,0.7910785,0.75098217,0.7547972,0.7888421,0.74319917,0.60222495,0.77375895
d83acf8eb166,"Tellus (2009), 61B, 307–324C⃝2008 The AuthorsJournal compilation C⃝2008 Blackwell MunksgaardPrinted in Singapore. All rights reserved",9 - Atmospheric Aerosol Loading,PB9,kept,,PB9,PB3,"PB1,PB3,PB9",3,0.7584882,0.6969374,0.7835104,0.71052593,0.70154744,0.74219626,0.69424504,0.6013357,0.80368054
de96aa7cd0db,ArticleConsistency of the Single Calculus Chain OpticalProducts with Archived Measurements from anEARLINET Lidar Station,9 - Atmospheric Aerosol Loading,PB9,kept,,PB9,PB3,"PB3,PB6,PB9",3,0.7529348,0.7174938,0.79607755,0.73884594,0.7232968,0.76299584,0.7164915,0.6211566,0.8188824
9fa64d42ca8a,Nat. Hazards.0 License,9 - Atmospheric Aerosol Loading,PB9,kept,,PB9,PB3,"PB1,PB3,PB6,PB9",4,0.736209,0.64317626,0.7688727,0.6809375,0.66646296,0.7342203,0.6828334,0.60769093,0.77621055
1173cad1f96c,ArticleCaribbean Air Chemistry and Dispersion Conditions,9 - Atmospheric Aerosol Loading,PB9,kept,,PB9,PB3,"PB1,PB2,PB3,PB5,PB6,PB9",6,0.78166366,0.7811224,0.80655366,0.7429909,0.7575778,0.7617109,0.70234853,0.61865956,0.8114219
2e52cbf9642f,,9 - Atmospheric Aerosol Loading,PB9,kept,,PB3,PB9,"PB3,PB9",2,0.70918906,0.65376866,0.80751944,0.6874795,0.6719112,0.7098767,0.64924943,0.52302825,0.75617033
f8e0134ed76e,,9 - Atmospheric Aerosol Loading,PB9,kept,,PB9,PB3,"PB3,PB9",2,0.7529681,0.7353187,0.7890199,0.7414144,0.71409714,0.7241621,0.6879785,0.62493074,0.8141087
59735fb2c273,,9 - Atmospheric Aerosol Loading,PB9,kept,,PB9,PB1,PB9,1,0.80863726,0.74756795,0.7852411,0.7570877,0.7256538,0.80521667,0.73641133,0.697492,0.8750653
0578cf58cf02,,9 - Atmospheric Aerosol Loading,PB9,kept,,PB9,PB3,"PB1,PB3,PB9",3,0.7802047,0.7359851,0.7824534,0.7551739,0.72516423,0.7797514,0.7247143,0.6566038,0.8398226
27be74a4d9c7,,9 - Atmospheric Aerosol Loading,PB9,kept,,PB9,PB3,"PB1,PB2,PB3,PB4,PB6,PB9",6,0.749117,0.744365,0.77550876,0.7407412,0.7306689,0.7704402,0.7157121,0.5843283,0.79080075
18e8328ded02,ORIGINAL RESEARCH,9 - Atmospheric Aerosol Loading,PB9,kept,,PB3,PB9,"PB1,PB3,PB6,PB9",4,0.713743,0.6927283,0.7600105,0.68883574,0.67478925,0.70816135,0.6496688,0.5681129,0.7525092
bd9cc0e1b83d,,9 - Atmospheric Aerosol Loading,PB9,kept,,PB9,PB6,"PB6,PB9",2,0.7751815,0.7144817,0.75761753,0.75206184,0.73231083,0.8022569,0.73616266,0.63790005,0.8425629
509ee208ffb1,"TAO, Vol. 10, No. 4, 693-704, December 1999",9 - Atmospheric Aerosol Loading,PB9,kept,,PB9,PB3,"PB1,PB3,PB4,PB5,PB6,PB9",6,0.76262534,0.74503547,0.8130937,0.77360034,0.76176697,0.76595414,0.72625107,0.6256243,0.81795514
70993beb3ad1,"Journal of the Meteorological Society of Japan, Vol. 83A, pp. 241--254, 2005241",9 - Atmospheric Aerosol Loading,PB9,kept,,PB9,PB4,"PB4,PB6,PB9",3,0.7352701,0.68947023,0.717999,0.76091135,0.7081512,0.7599805,0.70523214,0.6370827,0.7994118
6c42d69c2917,W&M ScholarWorks W&M ScholarWorks,9 - Atmospheric Aerosol Loading,PB9,kept,,PB6,PB1,"PB1,PB6,PB7,PB9",4,0.81133515,0.73331606,0.7383505,0.7406897,0.7179093,0.8214324,0.7886918,0.6528588,0.8069373
094696be9033,REFORESTA (2020) 9: 107-119 Williams and Makhnykina,9 - Atmospheric Aerosol Loading,PB9,kept,,PB6,PB7,"PB6,PB7",2,0.73364407,0.65702957,0.65878284,0.7466113,0.68641984,0.83036613,0.80566704,0.6461626,0.75192004
16685e5bb6dc,Conﬁdential manuscript submitted to Reviews of Geophysics,9 - Atmospheric Aerosol Loading,PB9,kept,,PB5,PB4,"PB1,PB2,PB4,PB5,PB6,PB7,PB9",7,0.7310816,0.76797664,0.6972052,0.785615,0.78809404,0.7695495,0.77783513,0.6681768,0.75154746
1a43f722cffc,,9 - Atmospheric Aerosol Loading,PB9,kept,,PB9,PB1,"PB1,PB3,PB6,PB9",4,0.80633885,0.71597326,0.8052176,0.7613836,0.7439444,0.7995008,0.7331457,0.64777374,0.85377276
37eafb92ef00,Ocean color measurements with theOperational Land Imager onLandsat-8: implementation andevaluation in SeaDAS,9 - Atmospheric Aerosol Loading,PB9,kept,,PB2,PB5,PB2,1,0.67935765,0.781359,0.68518496,0.6776923,0.7082774,0.69997776,0.6507281,0.5645658,0.7078476
24dde6306a93,,9 - Atmospheric Aerosol Loading,PB9,kept,,PB3,PB2,"PB1,PB2,PB3,PB5,PB6,PB7,PB9",7,0.73841983,0.76863813,0.76955724,0.70603037,0.75100493,0.74110067,0.7151416,0.5552469,0.7397254
19ca81ba9086,Tracing dust input to the global ocean usingthorium isotopes in marine sediments:ThoroMap,9 - Atmospheric Aerosol Loading,PB9,kept,,PB2,PB9,PB2,1,0.7233607,0.84379166,0.7218779,0.6994208,0.7209105,0.6969643,0.6747531,0.59921724,0.7547781
98c1576dfbc6,,9 - Atmospheric Aerosol Loading,PB9,kept,,PB9,PB1,"PB1,PB4,PB5,PB9",4,0.78971344,0.7767485,0.7714187,0.7876004,0.78108543,0.7576743,0.7394127,0.7115944,0.8391456
a47cba786611,,9 - Atmospheric Aerosol Loading,PB9,kept,,PB9,PB3,"PB3,PB6,PB9",3,0.70646036,0.711973,0.7632239,0.71010315,0.6965852,0.73518753,0.69266474,0.5786206,0.77947223
bcc2e931d14d,"Aerosol stratification characterization of an astronomical site by means of a backscatter lidar at the Roque de los Muchachos Observatory M. Sicard*a,b, S. Tomása,b, M. N. Md Rebaa,b, A. Comeróna, O. Bateta, C. Muñoz-Porcara, A. Rodrigueza, F. Rocadenboscha,b, C. Muñoz-Tuñónc, J. J. Fuensalidac",9 - Atmospheric Aerosol Loading,PB9,kept,,PB3,PB9,"PB1,PB2,PB3,PB6,PB9",5,0.6843083,0.69360024,0.7322694,0.6416875,0.65942353,0.6869258,0.6474532,0.52967227,0.72937584
64d2bfb5266d,,9 - Atmospheric Aerosol Loading,PB9,kept,,PB9,PB3,"PB1,PB3,PB9",3,0.7085112,0.6754272,0.7559278,0.6595269,0.66103804,0.6903472,0.6315994,0.5797975,0.7564168
e5f305f1ccde,,9 - Atmospheric Aerosol Loading,PB9,kept,,PB9,PB3,"PB1,PB2,PB3,PB6,PB9",5,0.7866448,0.77827495,0.82514775,0.75208193,0.74835527,0.78392637,0.72531545,0.606357,0.83657175
8fc5781b9f3f,,9 - Atmospheric Aerosol Loading,PB9,kept,,PB9,PB3,"PB3,PB9",2,0.75174916,0.68536854,0.77731407,0.69884324,0.6715427,0.75553864,0.69864845,0.61278343,0.8197977
18d019bb7ae4,"Airborne direct-detection and coherent wind lidar measurements along the east coast of Greenland in 2009 supporting ESA’s Aeolus mission Uwe Marksteinera, Oliver Reitebucha, Stephan Rahma, Ines Nikolausb, Christian Lemmerza, Benjamin Witschasa",9 - Atmospheric Aerosol Loading,PB9,kept,,PB3,PB9,"PB1,PB3,PB9",3,0.7038905,0.6937728,0.759427,0.6553831,0.66475844,0.6958603,0.64774626,0.5540101,0.75522125
85023ee704f2,,9 - Atmospheric Aerosol Loading,PB9,kept,,PB3,PB9,"PB3,PB9",2,0.64664197,0.6634541,0.7425069,0.6306232,0.6520999,0.6196079,0.58382565,0.4649582,0.6832881
aa49194b50aa,,9 - Atmospheric Aerosol Loading,PB9,kept,,PB9,PB3,"PB3,PB9",2,0.69290215,0.6310155,0.7495275,0.6680006,0.6468833,0.6915432,0.61918265,0.5594836,0.76973534
20b60870232e,,9 - Atmospheric Aerosol Loading,PB9,kept,,PB9,PB3,"PB1,PB3,PB6,PB9",4,0.76401424,0.74401605,0.79745346,0.73557884,0.73415196,0.76680017,0.7175522,0.6119738,0.82162696
b719a2707f3b,,9 - Atmospheric Aerosol Loading,PB9,kept,,PB2,PB3,"PB2,PB3,PB9",3,0.7301575,0.806823,0.80397415,0.7214168,0.73587686,0.70126945,0.66978556,0.5598023,0.76900196
a6e58fe6e210,Journal of Atmospheric Science Research | Volume 06 | Issue 04 | October 2023,9 - Atmospheric Aerosol Loading,PB9,kept,,PB2,PB3,"PB1,PB2,PB3,PB5,PB6,PB9",6,0.69471085,0.7312416,0.7269992,0.6544966,0.7069095,0.68930256,0.67036664,0.528512,0.7135686
9eef3fb3a211,,9 - Atmospheric Aerosol Loading,PB9,kept,,PB6,PB9,"PB1,PB2,PB4,PB5,PB6,PB7,PB9",7,0.75680417,0.7525101,0.729732,0.76866996,0.7396021,0.7926372,0.7657434,0.650978,0.7687303
0fa7b851cf28,"Claritas rise, Mars: Pre-Tharsis magmatism?",9 - Atmospheric Aerosol Loading,PB9,kept,,PB2,PB5,"PB1,PB2,PB3,PB4,PB5,PB6,PB7,PB9",8,0.65091145,0.6721686,0.6132757,0.63826543,0.66628903,0.6461599,0.63621306,0.5610067,0.6165235
14830d835a8c,Journal of Atmospheric Science Research | Volume 07 | Issue 01 | January 2024,9 - Atmospheric Aerosol Loading,PB9,kept,,PB3,PB9,"PB3,PB9",2,0.713195,0.6886508,0.793326,0.6847256,0.67230636,0.7219078,0.655213,0.5354913,0.772861
dd8c7482c7d6,,9 - Atmospheric Aerosol Loading,PB9,kept,,PB3,PB9,PB3,1,0.6766603,0.7061962,0.7866618,0.6599602,0.6855197,0.67895246,0.6298138,0.4928511,0.7226948
2f1ea6edd09a,,9 - Atmospheric Aerosol Loading,PB9,kept,,PB9,PB3,"PB3,PB6,PB9",3,0.74842286,0.71961886,0.77525187,0.7394916,0.71702754,0.77255744,0.7164112,0.6172464,0.8101434
f031cb3f4312,ArticleAdvection of Biomass Burning Aerosols towards the SouthernHemispheric Mid-Latitude Station of Punta Arenas as Observedwith Multiwavelength Polarization Raman Lidar,9 - Atmospheric Aerosol Loading,PB9,kept,,PB9,PB3,"PB1,PB2,PB3,PB9",4,0.7496747,0.7648612,0.79496026,0.6962706,0.70990807,0.7237943,0.68444633,0.6000178,0.80080026
0c7ab420423c,,9 - Atmospheric Aerosol Loading,PB9,kept,,PB9,PB3,"PB1,PB2,PB3,PB5,PB6,PB9",6,0.7282229,0.74905944,0.7554871,0.7100901,0.72839737,0.7378683,0.6988791,0.58226776,0.7770246
a6fdab7be18e,,9 - Atmospheric Aerosol Loading,PB9,kept,,PB9,PB1,PB9,1,0.79006165,0.7383417,0.7882272,0.74897456,0.72180665,0.7883209,0.7316547,0.66286457,0.85168433
efcb81f6edce,Boundary-Layer Meteorol (2015) 157:265–292DOI 10.1007/s10546-015-0056-2,9 - Atmospheric Aerosol Loading,PB9,kept,,PB3,PB9,"PB1,PB3,PB6,PB9",4,0.76989126,0.7526109,0.8134411,0.7320493,0.75110054,0.7672864,0.7280187,0.6146276,0.80824584
521a0de55ea3,,9 - Atmospheric Aerosol Loading,PB9,kept,,PB9,PB6,"PB1,PB3,PB5,PB6,PB9",5,0.71475285,0.6883058,0.7393197,0.6906267,0.7105414,0.7405078,0.6942084,0.5754382,0.7591206
475690236e49,QUARTERLY JOURNAL OF THE ROYAL METEOROLOGICAL SOCIETYQ. J. R. Meteorol. Soc. 136(s1): 107–124 (2010)Published online 3 August 2009 in Wiley InterScience(,9 - Atmospheric Aerosol Loading,PB9,kept,,PB3,PB9,"PB3,PB9",2,0.6859672,0.6659091,0.7464305,0.63436425,0.6531353,0.6739096,0.6321589,0.5180139,0.71341765
38ccd694fb55,,9 - Atmospheric Aerosol Loading,PB9,kept,,PB9,PB3,"PB3,PB9",2,0.737206,0.6941592,0.767651,0.7088037,0.7008975,0.73849624,0.6712632,0.60243285,0.8089681
f6f53c22035d,,9 - Atmospheric Aerosol Loading,PB9,kept,,PB1,PB9,"PB1,PB2,PB3,PB5,PB6,PB9",6,0.7892986,0.75399286,0.7572312,0.7239923,0.73175055,0.7696769,0.7182465,0.5896269,0.78478974
288fbcb6408b,Open Research Online,9 - Atmospheric Aerosol Loading,PB9,kept,,PB1,PB9,"PB1,PB6,PB9",3,0.6867895,0.6075405,0.5900512,0.60680664,0.59185684,0.6407676,0.6097211,0.6113684,0.66241676
f905034ab635,ENVIRONMENTAL CHANGES IN ARCTIC,9 - Atmospheric Aerosol Loading,PB9,kept,,PB2,PB9,"PB1,PB2,PB3,PB4,PB5,PB9",6,0.7543799,0.80921906,0.7975754,0.7698697,0.76133364,0.7202941,0.70442575,0.67151546,0.8026337
7d951daa56b4,,9 - Atmospheric Aerosol Loading,PB9,kept,,PB3,PB9,"PB3,PB6,PB9",3,0.7229971,0.6871902,0.7844184,0.6952088,0.708405,0.72759247,0.6721348,0.5216807,0.7570721
3ef962dc00c2,,9 - Atmospheric Aerosol Loading,PB9,kept,,PB2,PB9,"PB1,PB2,PB3,PB9",4,0.7456632,0.8039461,0.76531965,0.72760725,0.73133445,0.71464115,0.71166855,0.6324615,0.76928174
100143eaab6d,,9 - Atmospheric Aerosol Loading,PB9,kept,,PB9,PB3,"PB3,PB6,PB9",3,0.7167547,0.69327605,0.78662956,0.70258355,0.6750405,0.7402928,0.684433,0.594411,0.798466
718a624210f0,ArticleA Full-Coverage Daily Average PM2.5 RetrievalMethod with Two-Stage IVW Fused MODIS C6 AODand Two-Stage GAM Model,9 - Atmospheric Aerosol Loading,PB9,kept,,PB9,PB6,"PB3,PB4,PB5,PB6,PB9",5,0.69965667,0.68104213,0.70413756,0.7268507,0.71299756,0.7446644,0.7024735,0.6109707,0.7640164
