doc_id,llm_primary_pb,llm_primary_conf,llm_secondary_pbs,llm_rejected_pbs,llm_reasoning,inference_time_sec
b39624d6c38a,PB1,High,None,"PB2, PB3, PB4, PB5, PB6, PB7, PB8, PB9","The abstract discusses uncertainties in hydrological models and their impact on climate change assessments, particularly focusing on water resources at the catchment scale. The core scientific metric here is related to climate change impacts through hydrological modeling. However, there are no explicit mentions of biophysical metrics or chemical/physical substances that directly relate to any specific Planetary Boundary other than PB1 (Climate Change). There is no mention of ocean acidification, stratospheric ozone depletion, nutrient flows, freshwater use, land-system changes, biosphere integrity, novel entities, atmospheric aerosol loading, or biodiversity. The abstract does not violate the exclusion rules for any of these boundaries.",10.010367155075073
8581e74341ad,PB9,High,None,"PB1, PB2, PB3, PB4, PB5, PB6, PB7, PB8","The abstract focuses on the analysis of aerosol optical depth (AOD) and particulate matter (PM2.5), specifically in relation to air quality studies using satellite data and ground observations. The core biophysical metrics include PM2.5, black carbon (BC), AOD, and absorption AOD (AAOD). These measurements are directly related to atmospheric aerosol loading and its impact on air quality and regional climate patterns. While the study also touches upon broader topics such as urban air quality and emissions, it explicitly measures key biophysical metrics relevant to PB9.",7.190998315811157
03c55a425a95,PB1,High,None,"PB2, PB3, PB4, PB5, PB6, PB7, PB8, PB9","The abstract discusses the weakening of global atmospheric circulation and changes in poleward energy transport due to anthropogenic emissions. The study focuses on climate-model simulations related to global warming, which directly ties into the core definition of PB1 (Climate Change). There are no explicit mentions or implications of ocean acidification, stratospheric ozone depletion, biogeochemical flows, freshwater use, land-system change, biosphere integrity, novel entities, atmospheric aerosol loading. The study does not discuss any metrics related to these boundaries.",6.76452898979187
8d8ab7ed834f,PB1,High,None,"PB2, PB3, PB4, PB5, PB6, PB7, PB8, PB9","The abstract discusses the impact of climate change on soil organic carbon (SOC) and net primary production (NPP) in Australia. It mentions a simulated baseline value for SOC, changes in mean annual temperature, and slight variations in precipitation patterns under different climate scenarios. The core focus is on how these climatic factors influence SOC storage and NPP over the next century. However, there are no explicit references to biophysical metrics or impacts that would directly activate any of the other Planetary Boundaries beyond PB1 (Climate Change).",6.965802907943726
ff6fb1e2be19,PB1,High,None,"PB2, PB3, PB4, PB5, PB6, PB7, PB8, PB9","The abstract discusses the impacts of climate change on wine production, focusing on microbial challenges and potential biotechnological solutions. The core scientific metric is climate change itself, which directly affects food systems and wine quality. There are no explicit measurements or analyses of specific physical metrics related to other Planetary Boundaries such as ocean acidification (PB2), stratospheric ozone depletion (PB3), nutrient flows (PB4), freshwater use (PB5), land-system changes (PB6), biosphere integrity (PB7), novel entities (PB8), or atmospheric aerosol loading (PB9). The exclusion rules for these boundaries are not violated, and the abstract does not provide specific biophysical metrics relevant to them.",8.157573938369751
44cb9ddc20a6,PB1,High,None,"PB2, PB3, PB4, PB5, PB6, PB7, PB8, PB9","The abstract focuses on the evaluation of Arctic climate changes in response to anthropogenic greenhouse-gas forcing. It discusses surface air temperature (SAT) and sea ice observations, as well as model simulations that indicate a significant decrease in arctic sea ice area over recent decades. The core biophysical metrics include SAT and sea ice extent, which are directly related to the Climate Change boundary. There is no mention of ocean acidification, stratospheric ozone depletion, nutrient flows, freshwater use, land-system change, biosphere integrity, novel entities, or atmospheric aerosol loading that would activate other PBs.",7.33115553855896
5194c7c1714e,None,N/A,None,PB1,"The abstract discusses the adaptation of spring-fruiting fungi in response to climate change. It does not explicitly mention any biophysical metrics, chemical substances, or physical processes related to the Planetary Boundaries framework beyond the general context of climate change. The terms 'climate change' are present but do not provide specific details on greenhouse gas emissions, warming impacts, mitigation strategies, or explicit climate-related metrics that would activate PB1 under its strict criteria.",4.761761426925659
ff153d55d5fd,None,N/A,None,"PB1, PB2, PB3, PB4, PB5, PB6, PB7, PB8, PB9","The abstract discusses the concept of planetary health, emphasizing the interconnections between human health and environmental conditions. However, it does not delve into specific biophysical metrics or explicit measurements related to any Planetary Boundaries framework elements such as climate change, ocean acidification, stratospheric ozone depletion, etc. The text is more focused on the social, political, and economic factors influencing health rather than direct scientific measurements of environmental impacts.",5.735498428344727
a3d6daa1a396,None,N/A,None,"PB1, PB2, PB3, PB4, PB5, PB6, PB7, PB8, PB9","The abstract focuses on analyzing food poverty and its effects due to the Covid-19 pandemic in Mexico City, using a capability approach. It discusses economic, sociocultural, and environmental impacts but does not mention any specific biophysical metrics or chemical/physical substances related to Planetary Boundaries. The analysis is purely social science-based without explicit references to climate change, ocean acidification, stratospheric ozone depletion, nutrient flows, freshwater use, land-system changes, biosphere integrity, novel entities, atmospheric aerosol loading, or other relevant environmental factors.",6.6126463413238525
eaf6d52d5457,PB1,High,None,"PB2, PB3, PB4, PB5, PB6, PB7, PB8, PB9","The abstract focuses on the sensitivity of regional climate model simulations to domain size and position, particularly in Central America. It discusses the impact of different physical configurations and parameterizations on low-level circulation and precipitation patterns. The study does not explicitly mention emissions, warming, or direct biophysical metrics related to other planetary boundaries such as ocean acidification, ozone depletion, nutrient flows, freshwater use, land-system change, biosphere integrity, novel entities, or atmospheric aerosol loading.",6.474595785140991
11e601dd40d6,None,N/A,None,"PB1, PB2, PB3, PB4, PB5, PB6, PB7, PB8, PB9","The abstract focuses on the assessment of offshore wind energy potential in Mexico using numerical simulations and climate models. The study does not explicitly mention any biophysical metrics related to Planetary Boundaries other than those associated with renewable energy systems, specifically wind energy. There is no explicit reference to emissions, warming, ocean acidification, ozone depletion, nutrient flows, freshwater use, land-system change, biodiversity loss, novel entities, or atmospheric aerosol loading.",5.859254360198975
ca6e200d678b,None,N/A,None,"PB1, PB2, PB4, PB5, PB6, PB7, PB8, PB9","The abstract focuses on the measurement and analysis of stratospheric water vapor (H2O) to infer dynamics related to the Brewer-Dobson circulation. The study does not explicitly mention any biophysical impacts or metrics that directly relate to the core definitions of other Planetary Boundaries beyond PB3, which is about ozone layer depletion due to substances like CFCs and their impact on stratospheric chemistry. However, the research does not discuss ozone-depleting substances or the thinning of the ozone layer explicitly.",6.3491363525390625
3f68844ce318,None,N/A,None,"PB1, PB2, PB3, PB4, PB5, PB6, PB7, PB8, PB9","The abstract discusses the use of data mining techniques to analyze spatial patterns in remote sensing datasets. It does not explicitly mention any biophysical metrics, chemical substances, or physical processes related to the Planetary Boundaries framework. The focus is on geospatial feature variables and association analysis without specific reference to climate change, ocean acidification, stratospheric ozone depletion, nutrient flows, freshwater use, land-system changes, biosphere integrity, novel entities, atmospheric aerosol loading, or any other biophysical impacts.",6.303504228591919
c21a0b99e259,PB1,High,None,"PB2, PB3, PB4, PB5, PB6, PB7, PB8, PB9","The abstract focuses on the validation of crop models under extreme weather conditions, specifically addressing temperature and precipitation extremes. The core biophysical metric is climate change impacts on agricultural yields. The research does not explicitly mention any other biophysical metrics or chemical/physical substances that would directly relate to other Planetary Boundaries beyond PB1 (Climate Change).",5.442888021469116
dbde52e667aa,None,N/A,None,"PB1, PB2, PB3, PB4, PB5, PB6, PB7, PB8, PB9","The abstract focuses on the analysis of ice-rafted detritus in sediment cores from the North Pacific to infer past climate changes, particularly cooling events and glacial periods. The core metrics involve grain size fractions interpreted as transported by icebergs, which are linked to climatic conditions. However, there is no explicit mention of biophysical impacts or chemical/physical substances directly related to any Planetary Boundaries framework criteria such as greenhouse gas emissions, ocean acidification, ozone depletion, nutrient flows, freshwater use, land-system change, biodiversity loss, novel entities, or atmospheric aerosol loading.",6.971616744995117
01a70dbf979d,PB1,High,None,"PB2, PB3, PB4, PB5, PB6, PB7, PB8, PB9","The abstract discusses the impact of climate change on Emperor Penguin populations and how dispersal can either mitigate or exacerbate these impacts. The core biophysical metric is climate-driven habitat change, which directly relates to PB1 (Climate Change). There are no explicit mentions of other Planetary Boundaries' metrics such as ocean acidification, stratospheric ozone depletion, nutrient flows, freshwater use, land-system changes, biosphere integrity, novel entities, or atmospheric aerosol loading. The exclusion rules for other boundaries are not violated since the abstract does not discuss these specific biophysical impacts.",7.2375288009643555
733ba5fc919b,PB2,High,PB4,"PB1, PB3, PB5, PB6, PB7, PB8, PB9","The abstract focuses on the relationship between pH and O2 in coastal waters, specifically addressing hypoxia and acidification. The core biophysical metrics measured are pH and oxygen levels (O2) which directly relate to ocean acidification and eutrophication impacts. However, while PB4 (Biogeochemical Flows) is relevant due to the mention of nutrient-driven issues like eutrophication, the primary focus on pH changes aligns more closely with PB2 (Ocean Acidification). The abstract does not explicitly discuss climate change metrics or other planetary boundaries.",7.46665358543396
6d34726fa878,PB2,High,None,"PB1, PB3, PB4, PB5, PB6, PB7, PB8, PB9","The abstract explicitly measures the effects of increased CO2 levels on ocean pH and plankton communities, directly impacting biogeochemical fluxes. The core terms 'anthropogenic carbon dioxide emissions', 'ocean acidification', and 'pH reduction' are clearly stated, aligning with PB2's core definition and UPV context. No other planetary boundaries are explicitly addressed or measured in the abstract.",5.981576681137085
82b2779f08ea,PB2,High,None,"PB1, PB4, PB5, PB6, PB7, PB8, PB9","The abstract discusses the effects of ocean acidification and temperature increases on calcified macroalgae. It explicitly mentions pH levels below those occurring in the region, which directly relates to PB2 (Ocean Acidification). The study also addresses seawater temperatures, but without explicit mention of biophysical metrics related to other boundaries like climate change or land-system changes.",5.573862552642822
23aa02497362,PB2,High,None,"PB1, PB4, PB5, PB6, PB7, PB8, PB9","The abstract focuses on the impact of submarine groundwater discharge (SGD) and nutrient-enriched freshwater on coral reef carbonate chemistry, particularly highlighting changes in pH levels and aragonite saturation states. The study measures nutrients, carbonate chemistry parameters such as total alkalinity (TA), dissolved inorganic carbon (DIC), and pH. These measurements are directly related to ocean acidification, which is a core aspect of PB2.",5.9341230392456055
caa0f4f9200b,None,N/A,None,"PB1, PB2, PB3, PB4, PB5, PB6, PB7, PB8, PB9","The abstract focuses on the survival rates of black-legged kittiwakes and their relation to prey densities and climatic parameters in breeding and non-breeding areas. It does not explicitly mention any biophysical metrics or chemical/physical substances that directly relate to the core definitions of the Planetary Boundaries (PBs). The study discusses anthropogenic activities such as fisheries, shipping, and oil and gas industry impacts but does not provide specific measurements or analyses related to these PBs' core metrics. Therefore, based on the exclusion rules, no PB is activated.",6.811150550842285
958e8ae09926,PB1,High,None,"PB2, PB3, PB4, PB5, PB6, PB7, PB8, PB9","The abstract discusses the impact of warming on microbial functional genes important to ecosystem functioning. The term 'warming' is explicitly mentioned, which directly relates to climate change and its effects on biological systems. However, there are no explicit mentions of other biophysical metrics related to the other Planetary Boundaries (PBs).",5.272926330566406
d84d0ce7a4c8,PB2,High,None,"PB1, PB3, PB4, PB5, PB6, PB7, PB8, PB9","The abstract focuses on the effects of ocean acidification on Mytilus edulis, a marine mussel species. The study explicitly measures seawater pH levels and their impact on the immune response, growth, and development of mussels. This directly aligns with PB2 (Ocean Acidification) as it involves explicit measurements of pH changes in sea water and their biological impacts on calcifying organisms.",6.067680358886719
ab2d096a1aaf,PB4,High,None,"PB1, PB2, PB3, PB5, PB6, PB7, PB8, PB9","The abstract discusses microbial and biogeochemical responses to projected future nitrate enrichment in the California upwelling system. The core scientific metrics involve nutrient loading, specifically nitrate enrichment, which is directly related to disruptions of nitrogen cycles due to human activity. This aligns with PB4 (Biogeochemical Flows). There are no explicit mentions of other biophysical impacts or chemical/substances that would trigger any other Planetary Boundaries.",6.163231611251831
84915f5956b8,PB2,High,None,"PB1, PB4, PB5, PB6, PB7, PB8, PB9","The abstract discusses the development of a new potentiometric pH sensor with high sensitivity and linearity, specifically mentioning its application in monitoring ocean environments. The text explicitly mentions the impact of increased atmospheric CO2 on seawater pH levels due to ocean acidification, which directly relates to PB2 (Ocean Acidification). While there are references to other environmental applications such as healthcare and biological technologies, these do not override the explicit mention of pH changes in marine contexts.",6.241846323013306
a31195146871,PB1,High,None,"PB2, PB4, PB5, PB6, PB7, PB8, PB9","The abstract discusses the effects of climate change on jellyfish decomposition rates, specifically focusing on changes in ocean pH and temperature. The core biophysical metrics measured are oxygen consumption and nutrient regeneration during decomposition under current and projected future conditions (pH 8.0 vs. pH 7.8; 27°C vs. 30°C). These measurements directly relate to the impacts of climate change on marine ecosystems, aligning with PB1's core definition and UPV context.",6.31025242805481
0866b31f11c4,None,N/A,None,"PB1, PB2, PB3, PB4, PB5, PB6, PB7, PB8, PB9","The abstract discusses the use of weird fiction to explore anxieties related to the ecological crisis, particularly focusing on climate change. However, it does not contain any explicit biophysical metrics or measurements relevant to Planetary Boundaries such as greenhouse gas emissions, ocean pH levels, ozone depletion substances, nutrient flows, freshwater withdrawals, land conversion, biodiversity loss, novel entities, or atmospheric aerosols. The content is primarily literary and theoretical without direct scientific measurement.",5.868356466293335
9480a86811a3,None,N/A,None,"PB1, PB2, PB3, PB4, PB5, PB6, PB7, PB8, PB9","The abstract focuses on the integration of traditional ecological knowledge (TEK) with conservation planning in marine protected areas (MPAs). It discusses the importance of local community involvement and management practices based on traditional beliefs. The study does not explicitly measure or analyze any biophysical metrics related to Planetary Boundaries such as climate change, ocean acidification, stratospheric ozone depletion, nutrient flows, freshwater use, land-system changes, biosphere integrity, novel entities, or atmospheric aerosol loading. It is a social and ecological study that emphasizes the role of local communities in conservation efforts without delving into specific biophysical impacts.",7.331979274749756
66c76ad14a95,None,N/A,None,"PB1, PB2, PB3, PB4, PB5, PB6, PB7, PB8, PB9","The abstract discusses climate change research related to major aquatic species production. It does not explicitly mention any biophysical metrics or chemical/physical substances that directly relate to the core definitions of the Planetary Boundaries (PBs). The terms 'climate change' and 'aquatic species' are present, but they do not provide enough context to activate any specific PB without additional explicit references to biophysical impacts. Therefore, based on the exclusion rules, no PB can be assigned.",6.13890528678894
06cdb4126b53,None,N/A,None,"PB1, PB2, PB3, PB4, PB5, PB6, PB7, PB8, PB9","The abstract discusses the discovery of deep microbial life and its ecosystems beneath the ocean floor, suggesting a long-term interrelationship between subseafloor microbial ecosystems and Earth dynamics. However, it does not explicitly mention any biophysical metrics or impacts related to the Planetary Boundaries framework such as climate change (PB1), ocean acidification (PB2), stratospheric ozone depletion (PB3), biogeochemical flows (PB4), freshwater use (PB5), land-system change (PB6), biosphere integrity (PB7), novel entities (PB8), or atmospheric aerosol loading (PB9). The content is more philosophical and speculative about the implications of these discoveries for planetary habitability and sustainability, rather than providing empirical data on biophysical metrics.",8.113173484802246
a60e993db94a,PB2,High,None,"PB1, PB3, PB4, PB5, PB6, PB7, PB8, PB9","The abstract focuses on the effects of ocean acidification on sea urchin fertilization success, explicitly measuring pH changes and their impact on biological processes. The core biophysical metric (pH) is directly related to PB2 (Ocean Acidification). There are no explicit references or measurements that would activate any other Planetary Boundaries.",5.493965148925781
bdf5eac988ad,PB8,Medium,None,"PB1, PB2, PB3, PB4, PB5, PB6, PB7, PB9","The abstract discusses polylactide (PLA), a bioplastic, and its waste management strategies within the context of industrial feasibility. The focus is on renewable alternatives to plastic waste and novel waste management techniques for PLA. While the text mentions 'novel entities' in the form of bioplastics like PLA, it does not explicitly discuss the release or environmental impact of synthetic chemicals, modified organisms, or persistent substances that would directly activate PB8. However, since PLA is a synthetic material with potential environmental impacts, and considering the anti-overfiltering clause, PB8 must be considered.",7.232192516326904
aac5539aa27b,PB4,High,None,"PB1, PB2, PB3, PB5, PB6, PB7, PB8, PB9","The abstract focuses on the quantification of nitrous oxide (N2O) emissions from soils and their relationship with soil pH. The core biophysical metric is N2O emission, which directly relates to the disruption of nitrogen cycles due to human activity. This aligns closely with PB4 (Biogeochemical Flows). However, there are no explicit mentions of phosphorus or other metrics that would reinforce PB4 beyond the nitrogen cycle context.",6.39258337020874
ed3a2e5f0c07,None,N/A,"PB2, PB4","PB1, PB3, PB5, PB6, PB7, PB8, PB9","The abstract discusses the impact of elevated nutrients and seawater temperature on marine sponges, specifically focusing on microbial community dynamics. The core biophysical impacts include ocean acidification (elevated CO2 leading to lower pH) and eutrophication (excess nutrient levels). However, while these terms are mentioned, there is no explicit measurement or analysis of the physical metrics such as pH decline or nutrient loading that would directly activate PB2 or PB4. The study focuses on biological responses rather than direct biophysical measurements.",7.363126277923584
080e222eec5e,PB3,High,None,"PB1, PB2, PB4, PB5, PB6, PB7, PB8, PB9","The abstract discusses the design and deployment of UCATS, an instrument for measuring atmospheric trace gases including chlorofluorocarbons (CFCs), nitrous oxide (N2O), sulfur hexafluoride (SF6), ozone (O3), water vapor (H2O), methane (CH4), carbon monoxide (CO), and molecular hydrogen (H2). The focus is on the upper troposphere and lower stratosphere, with a particular emphasis on stratospheric ozone. While the abstract mentions several gases relevant to different planetary boundaries, it does not explicitly discuss biophysical impacts or metrics related to ocean acidification, freshwater use, land-system change, biosphere integrity, novel entities, atmospheric aerosol loading, or biogeochemical flows. The core focus is on measuring stratospheric ozone and other trace gases that are directly linked to the depletion of the stratospheric ozone layer.",9.839590311050415
074d00932720,PB3,Low,None,"PB1, PB2, PB4, PB5, PB6, PB7, PB8, PB9","The abstract focuses on the investigation of polar stratospheric clouds (PSCs) and their role in chlorine activation, which is directly related to ozone depletion processes. The study measures HCl and ClO along air mass trajectories and uses simulations from the ATLAS chemistry and transport box model. However, there are no explicit mentions of refrigerants, cooling systems, or other terms that would reinforce PB3 (Stratospheric Ozone Depletion) beyond its core definition.",6.444225311279297
5b69b4b177c8,PB3,High,None,"PB1, PB2, PB4, PB5, PB6, PB7, PB8, PB9","The abstract focuses on high vertical resolution ozone measurements and the development of a gap-free database for stratospheric ozone. The core scientific metric is the measurement and modeling of ozone abundances, which directly relates to the stratospheric ozone layer. However, there are no explicit mentions of ozone-depleting substances or refrigerant substitution that would activate PB3 beyond its core definition context.",5.81056547164917
c8b475531d7e,PB3,Medium,None,"PB1, PB2, PB4, PB5, PB6, PB7, PB8, PB9","The abstract focuses on the study of total ozone asymmetry over Antarctica using TOMS data from 1979 to 2005. It discusses the geographical distribution, longitudinal displacement, and climatological patterns of total ozone levels in relation to planetary waves and tropopause temperature distributions. The core biophysical metric is total ozone concentration (DU), which directly relates to stratospheric ozone depletion. However, the abstract does not explicitly mention ozone-depleting substances or their impacts on human health or ecosystems.",6.922327041625977
7d15d84ce20e,None,N/A,PB3,"PB1, PB2, PB4, PB5, PB6, PB7, PB8, PB9","The abstract discusses the impact of increased UV-B radiation on Arctic Laminariales zoospores due to stratospheric ozone depletion. The core biophysical metric is UV exposure, which directly relates to PB3 (Stratospheric Ozone Depletion). However, there are no explicit mentions of refrigerant substitution or cooling systems that would reinforce the connection to PB3 beyond the context of UV-B radiation and its effects on photosynthesis. Therefore, while the abstract touches upon a critical aspect of PB3, it does not provide enough specific technical details related to ozone-depleting substances or their substitutes to confidently assign this as the primary boundary.",7.805845260620117
fc1441e078b0,PB1,High,None,"PB2, PB5, PB6, PB7, PB8, PB9","The abstract focuses on the retrieval and analysis of atmospheric carbon monoxide (CO) and methane (CH4) using satellite data from TROPOMI. CO is an important air quality constituent, while CH4 is a significant greenhouse gas contributing to climate change. The study measures the column-averaged dry air mole fractions XCO and XCH4 with high precision, providing insights into global atmospheric composition and its impact on climate change.",6.036381721496582
50137c06d495,PB3,High,None,"PB1, PB2, PB4, PB5, PB6, PB7, PB8, PB9","The abstract discusses ozone depletion events (ODEs) in the polar marine boundary layer, specifically focusing on bromine oxide mixing ratios and their relation to surface chemistry. The core biophysical impact is related to atmospheric chemical processes that affect stratospheric ozone levels. However, the focus of the research is not directly on refrigerants or cooling systems but rather on natural chemical processes in the atmosphere. Therefore, while PB3 (Stratospheric Ozone Depletion) is relevant due to explicit mention of ozone depletion and bromine activation, it does not fit under the UPV context which focuses more on human-driven activities such as refrigerant substitution.",7.582777738571167
3159c4d063f0,PB4,High,PB1,"PB2, PB3, PB5, PB6, PB7, PB8, PB9","The abstract focuses on the impacts of changes in Indian monsoon wind intensity on oxygen minimum zones (OMZs) in the Arabian Sea, including biogeochemical cycles and ecological implications. The core metrics involve oceanic oxygen levels, productivity, and nitrogen cycling. While there are mentions of climate change effects, the primary focus is on regional oceanographic processes and their impacts on marine ecosystems.",6.327624082565308
da697160487b,None,N/A,None,"PB1, PB2, PB3, PB4, PB5, PB6, PB7, PB8, PB9","The abstract focuses on the transport of tracers and aerosols in a general circulation model, specifically analyzing how different resolutions affect tracer transport. The study does not explicitly mention any biophysical impacts or metrics related to specific planetary boundaries except for atmospheric processes involving aerosol loading. However, it lacks explicit references to particulate matter (PM), black carbon, or other direct indicators of PB9. Therefore, while the topic is closely related to atmospheric processes and could potentially impact PB9, the exclusion rules prevent a definitive assignment due to lack of specific biophysical metrics.",6.970049858093262
f89be8cffe97,,N/A,None,PB3,"The abstract focuses on the assessment of ozone loss measures in polar regions, specifically discussing quantities based on total column ozone and their applicability. The core scientific metric is related to ozone depletion and its measurement in the context of chemistry-climate models. However, the research does not explicitly discuss or measure stratospheric ozone layer thinning due to ozone-depleting substances (ODS) but rather focuses on methodologies for assessing ozone loss.",5.111797332763672
cab713fe6b41,None,N/A,None,"PB1, PB2, PB3, PB4, PB5, PB6, PB7, PB8, PB9","The abstract focuses on the Indoor Environmental Quality (IEQ) and its impact on human health, comparing various building environmental certifications. The text does not mention any specific biophysical metrics or chemical/physical substances related to Planetary Boundaries. It discusses a shift towards a 'Human Centered' approach in architecture but lacks explicit references to climate change, ocean acidification, stratospheric ozone depletion, nutrient flows, freshwater use, land-system changes, biosphere integrity, novel entities, or atmospheric aerosol loading.",6.427426338195801
9ba110d31936,PB9,High,None,"PB1, PB2, PB3, PB4, PB5, PB6, PB7, PB8","The abstract focuses on the dispersion and detection of volcanic aerosols from the Calbuco eruption, using satellite and lidar data to track their movement and impact. The core biophysical metric is the presence and distribution of atmospheric aerosol layers, which directly relates to PB9 (Atmospheric Aerosol Loading). There are no explicit references to other Planetary Boundaries in terms of their specific metrics or impacts.",6.14669394493103
c95e30752adf,PB1,High,PB3,"PB2, PB4, PB5, PB6, PB7, PB8, PB9","The abstract focuses on nitrous oxide (N2O) emissions from agricultural soils, which is a potent greenhouse gas and key ozone-depleting substance. The research evaluates mitigation practices for reducing N2O emissions, directly linking to climate change and stratospheric ozone depletion. However, the primary focus is on the impact of these practices on atmospheric composition and their role in mitigating greenhouse gases, thus aligning more closely with PB1 (Climate Change). While there are mentions of potential impacts on soil quality and carbon storage, which could relate to other boundaries like PB4 or PB7, the core biophysical metric of N2O emissions is most strongly associated with climate change. The exclusion rules for PB3 (Stratospheric Ozone Depletion) do not apply as the abstract does not explicitly discuss ozone layer depletion or CFC substitution.",9.493012428283691
9153f4dcf3d6,PB1,Medium,None,"PB2, PB3, PB4, PB5, PB6, PB7, PB8, PB9","The abstract focuses on the simulation and analysis of severe weather events using the Weather Research and Forecasting Model (WRF). The study evaluates different initial and boundary conditions derived from global models to assess their impact on the accuracy of simulations for a derecho event. While the research is clearly related to climate science, it does not explicitly mention greenhouse gas emissions, warming, or direct impacts on the climate system that would activate PB1. However, the core biophysical metric being studied (severe weather events) falls under the broader context of climate change and its effects.",6.9867777824401855
7c0bf746ba69,None,N/A,None,"PB1, PB2, PB3, PB4, PB5, PB6, PB7, PB8, PB9","The abstract focuses on the analysis of heavy metal pollution in sediment samples from Deception Bay. The core biophysical metrics include enrichment factors, contamination indices, and Nemerow pollution indices for lead, arsenic, zinc, and other heavy metals. While this study is clearly environmental science with a focus on marine pollution, it does not explicitly measure or discuss the physical metrics related to any of the Planetary Boundaries (PBs) such as pH, aerosols, ozone depletion substances, nutrient flows, freshwater use, land-system change, biodiversity loss, novel entities, or atmospheric aerosol loading. The study is purely thematic and does not provide direct evidence for any specific PB.",7.557122468948364
670ceeb7641d,None,N/A,None,"PB1, PB2, PB3, PB4, PB5, PB6, PB7, PB8, PB9","The abstract focuses on the statistical evaluation of karst regions, including their global occurrence, geographic distribution, topographic settings, climatic zones, and populations living in these areas. The study does not explicitly measure or analyze any biophysical metrics related to Planetary Boundaries such as climate change, ocean acidification, stratospheric ozone depletion, nutrient flows, freshwater use, land-system changes, biosphere integrity, novel entities, or atmospheric aerosol loading. Therefore, based on the exclusion rules and lack of specific biophysical metric references, no Planetary Boundary is activated.",6.852590560913086
fa215acb1461,None,N/A,None,"PB1, PB2, PB3, PB4, PB5, PB6, PB7, PB8, PB9","The abstract focuses on the distribution and geochemical behavior of heavy metals in Mar Chiquita Coastal Lagoon, including their presence in both dissolved and particulate phases. The study measures hydrological parameters such as salinity, temperature, turbidity, pH, and dissolved oxygen, alongside concentrations of various heavy metals (Cd, Cu, Ni, Zn, Fe, Pb, Cr, Mn). While the research is centered on environmental chemistry and pollution, it does not explicitly address any core biophysical metrics or processes directly related to Planetary Boundaries such as climate change, ocean acidification, stratospheric ozone depletion, nutrient flows, freshwater use, land-system changes, biosphere integrity, novel entities, or atmospheric aerosol loading. The study's focus on heavy metals and their distribution does not align with the specific criteria for any of the PBs.",8.986553430557251
4b96859cedec,None,N/A,None,"PB1, PB2, PB3, PB4, PB5, PB6, PB7, PB8, PB9","The abstract discusses the social and economic impacts of industrial civilization, particularly in relation to climate change. However, it does not contain any explicit biophysical metrics or chemical/physical substances that would directly activate a Planetary Boundary according to the provided rules. The discussion is primarily sociological and philosophical without delving into specific environmental measurements or interventions.",5.157172918319702
437469852fd9,None,N/A,None,"PB1, PB2, PB3, PB4, PB5, PB6, PB7, PB8, PB9","The abstract discusses the use of climate and Earth system models to reconstruct past climatic events, focusing on the epistemological aspects of paleoclimatology. It does not explicitly mention any biophysical metrics or chemical/physical substances related to specific Planetary Boundaries. The text is theoretical in nature and does not provide empirical data or analysis relevant to PB1 through PB9.",5.368407487869263
e07e1529f98b,None,N/A,None,"PB1, PB2, PB3, PB4, PB5, PB6, PB7, PB8, PB9","The abstract discusses the study of deep roots and their significance, focusing on biogeochemical processes in plant systems. The text does not mention any specific metrics related to climate change, ocean acidification, stratospheric ozone depletion, freshwater use, land-system changes, biosphere integrity, novel entities, atmospheric aerosol loading, or other planetary boundary-specific terms that would trigger an activation logic. There is no explicit reference to biophysical impacts or chemical/physical substances measured in the context of any specific planetary boundaries.",6.313320636749268
35031d18c0c9,None,N/A,None,"PB1, PB2, PB3, PB4, PB5, PB6, PB7, PB8, PB9","The abstract focuses on the effects of mesoscale eddies on prokaryotic assemblage structure and activity in the ocean. The study does not explicitly mention any biophysical metrics or chemical/physical substances that directly relate to the core definitions of the Planetary Boundaries (PBs). It discusses marine biology and ecology without delving into climate change, ocean acidification, stratospheric ozone depletion, nutrient flows, freshwater use, land-system changes, biosphere integrity, novel entities, or atmospheric aerosol loading. The research is purely ecological and does not provide any direct evidence of human-driven alterations to the Earth's systems that would activate a PB.",7.560422658920288
b9e1bf330baf,PB4,High,None,"PB1, PB2, PB3, PB5, PB6, PB7, PB8, PB9","The abstract focuses on the metabolic networks of anammox bacteria in relation to carbon and energy substrates, specifically addressing CO2 fixation and central metabolism. The research does not explicitly mention any biophysical metrics related to climate change (PB1), ocean acidification (PB2), stratospheric ozone depletion (PB3), freshwater use (PB5), land-system change (PB6), atmospheric aerosol loading (PB9), or novel entities (PB8). However, the study directly addresses nitrogen cycling, which is a core aspect of PB4. The exclusion rule for PB4 does not apply here as the research explicitly discusses nutrient flows and biogeochemical cycles.",7.955182790756226
730088fdf1e2,PB4,High,None,"PB1, PB2, PB3, PB5, PB6, PB7, PB8, PB9","The abstract focuses on nutrient spiraling in streams, specifically examining the processes of net uptake (Unet) and gross uptake (Ugross) for nitrogen (NH4+) and phosphorus (SRP). The study measures release (R) as a counterbalance to uptake. While it discusses biogeochemical steady state and nutrient cycling, there is no explicit mention of human-driven disruption or anthropogenic impacts on the nitrogen and phosphorus cycles that would activate PB4. However, the core terms 'nutrient spiraling', 'net uptake', 'gross uptake', and 'release' are directly related to biogeochemical flows.",7.710951089859009
00050f80240e,PB4,High,None,"PB1, PB2, PB3, PB5, PB6, PB7, PB8, PB9","The abstract focuses on the estimation of ammonia (NH3) emissions resulting from inorganic nitrogen fertilizer applications to agricultural soils. It uses a modeling framework that integrates plant demand-driven fertilizer application simulations with air quality models to estimate NH3 emissions across the continental US. The core biophysical metric is nitrogen, specifically ammonia emissions from fertilizers, which directly relates to nutrient flows and their environmental impacts.",5.816152095794678
6039788ff154,None,N/A,None,"PB1, PB2, PB3, PB4, PB5, PB6, PB7, PB8, PB9","The abstract discusses environmental mutagenesis during the end-Permian ecological crisis, focusing on paleontological and geological evidence. It does not mention any contemporary biophysical metrics or impacts related to current Planetary Boundaries such as climate change, ocean acidification, stratospheric ozone depletion, nutrient flows, freshwater use, land-system changes, biosphere integrity, novel entities, or atmospheric aerosol loading. The content is purely historical and paleontological without direct relevance to modern environmental issues.",6.215539216995239
3c0c667b5363,None,N/A,None,"PB2, PB4, PB5, PB6, PB7, PB8, PB9","The abstract discusses the use of methyltrimethyltridecylchromans (MTTCs) as a molecular proxy for riverine freshwater incursions into marine environments during anoxic and euxinic conditions. The focus is on paleoenvironmental reconstructions, specifically relating to salinity stratification and its impact on organic matter preservation in sedimentary records. There are no explicit mentions of biophysical metrics or impacts related to the core definitions of any Planetary Boundaries except for a thematic discussion on oceanic anoxic events (which does not meet the criteria for PB2 due to lack of specific pH, acidification, carbonate chemistry terms). The abstract is primarily focused on paleoenvironmental reconstruction and does not explicitly measure or model physical metrics related to any other planetary boundaries.",8.086699485778809
cf94a74b8764,None,N/A,None,"PB1, PB2, PB3, PB4, PB5, PB6, PB7, PB8, PB9","The abstract focuses on the dynamics of prokaryotic groups in the coastal North Sea, particularly during a Phaeocystis globosa bloom. The study measures abundance and activity using CARD-FISH combined with microautoradiography. While it discusses marine archaea and bacteria, there are no explicit references to biophysical metrics or impacts related to any Planetary Boundaries (PBs). There is no mention of climate change, ocean acidification, stratospheric ozone depletion, nutrient flows, freshwater use, land-system changes, biosphere integrity, novel entities, or atmospheric aerosol loading. The research does not explicitly measure core PB metrics such as pH, greenhouse gases, nutrients, water withdrawals, land cover conversion, biodiversity loss, synthetic chemicals, or particulate matter.",8.896669387817383
f191a837275d,PB2,Low,None,"PB1, PB3, PB4, PB5, PB6, PB7, PB8, PB9","The abstract focuses on the measurement of dissolved inorganic carbon (DIC) concentrations and net community production (NCP) in the Bering Sea. The study does not explicitly mention any terms or metrics related to climate change, ocean acidification, stratospheric ozone depletion, biogeochemical flows, freshwater use, land-system changes, biosphere integrity, novel entities, or atmospheric aerosol loading. However, it indirectly relates to PB2 (Ocean Acidification) due to the measurement of DIC concentrations which can be an indicator of ocean acidification.",7.042976140975952
c882a9731d06,None,N/A,None,"PB1, PB2, PB3, PB4, PB5, PB6, PB7, PB8, PB9","The abstract discusses the nutritional quality of primary producers and its impact on ecosystem trophic structure, which influences carbon cycling and nutrient storage. However, it does not explicitly mention any biophysical metrics or impacts related to specific Planetary Boundaries such as climate change, ocean acidification, stratospheric ozone depletion, biogeochemical flows, freshwater use, land-system changes, biosphere integrity, novel entities, or atmospheric aerosol loading. The research is focused on ecological processes and does not provide direct measurements or analyses of the core metrics for any Planetary Boundaries.",6.895143985748291
1a4300b95a49,None,N/A,None,"PB1, PB2, PB3, PB4, PB5, PB6, PB7, PB8, PB9","The abstract focuses on the chemical variations in soils and their relationship to subsurface water dynamics, particularly emphasizing the redistribution of elements via podzolization processes. The study measures various soil properties such as Fed, Mnd, Alo, Feo, Lao, Ceo, Pro, and total organic C. However, these measurements do not directly relate to any core biophysical metrics associated with Planetary Boundaries (PBs). There is no explicit mention of climate change impacts, ocean acidification, stratospheric ozone depletion, nutrient loading, freshwater use, land-system changes, biodiversity loss, novel entities, or atmospheric aerosol loading. The study's focus on soil chemistry and subsurface water dynamics does not violate any exclusion rules but also does not align with the core definitions of any PBs.",8.582747220993042
2ea3de6be731,PB4,High,None,"PB1, PB2, PB3, PB5, PB6, PB7, PB8, PB9","The abstract focuses on the analysis of δ15N and δ13C in spring particulate organic matter (POM) in a nitrate- and ammonium-enriched coastal ecosystem. The study measures nutrient utilization by phytoplankton, which is directly related to biogeochemical flows involving nitrogen and phosphorus cycles. However, the abstract does not explicitly mention any direct impacts on freshwater use, land-system change, biosphere integrity, novel entities, atmospheric aerosol loading, or stratospheric ozone depletion.",7.072436094284058
b1fb9424d9f7,None,N/A,None,"PB1, PB2, PB3, PB4, PB5, PB6, PB7, PB8, PB9","The abstract discusses the design and properties of reinforced ice structures, focusing on their environmental and economic impacts. The study does not explicitly mention any biophysical metrics or chemical/physical substances related to Planetary Boundaries such as climate change, ocean acidification, stratospheric ozone depletion, nutrient flows, freshwater use, land-system changes, biosphere integrity, novel entities, or atmospheric aerosol loading. There is no direct measurement of core boundary metrics like greenhouse gases, pH levels, nitrogen/phosphorus cycles, water withdrawals, land cover conversion, biodiversity loss, synthetic chemicals, or particulate matter.",6.95874547958374
491cd02d01cd,None,N/A,None,"PB1, PB2, PB3, PB4, PB5, PB6, PB7, PB8, PB9","The abstract discusses groundwater vulnerability assessment using GIS modelling in the Annapolis-Cornwallis Valley, Nova Scotia. The focus is on assessing the risk to groundwater from various sources of contamination and land use changes. However, there are no explicit references to any biophysical metrics or impacts that directly relate to the core definitions of the Planetary Boundaries (PBs). There is no mention of climate change, ocean acidification, stratospheric ozone depletion, nutrient flows, freshwater use, land-system change, biosphere integrity, novel entities, or atmospheric aerosol loading. The research context is primarily geoscientific and environmental management without direct biophysical metric measurements.",8.042261838912964
a8f8fca16a7f,PB7,High,None,"PB1, PB2, PB3, PB4, PB5, PB6, PB8, PB9","The abstract focuses on the assessment of biodiversity, global distribution, and ecological niches of suessiacean dinoflagellates using DNA metabarcoding. The core scientific metric is biodiversity inventory, which falls under PB7 (Biosphere Integrity). There are no explicit references to biophysical metrics or chemical/physical substances that would activate any other Planetary Boundaries. The exclusion rules for all other boundaries are not violated.",6.0378875732421875
81a2071c7d3b,PB9,High,None,"PB1, PB2, PB3, PB4, PB5, PB6, PB7, PB8","The abstract focuses on atmospheric correction for satellite-based sensors in turbid coastal and inland waters, addressing issues related to strongly-absorbing aerosols. The text mentions the development of new sensor technologies and algorithms for better data collection and analysis regarding aerosol models and particulate matter. While it discusses air quality and climate impacts indirectly through the context of aerosol loading, there is no explicit mention of biophysical metrics such as pH, nutrient flows, or land cover conversion that would activate other PBs.",6.50202751159668
7f70ba66f24a,PB1,High,None,"PB2, PB3, PB4, PB5, PB6, PB7, PB8, PB9","The abstract focuses on the downscaling of global climate models to regional scales for precipitation projections under future climate scenarios. The core biophysical metric is the change in precipitation patterns, which directly relates to climate change and its impacts. There are no explicit mentions of ocean acidification, stratospheric ozone depletion, nutrient flows, freshwater use, land-system changes, biosphere integrity, novel entities, or atmospheric aerosol loading. However, the abstract explicitly discusses greenhouse gas emissions and their impact on precipitation patterns, which aligns with PB1 (Climate Change).",7.008309602737427
ab931c264219,PB5,High,None,"PB1, PB2, PB3, PB4, PB6, PB7, PB8, PB9","The abstract discusses the development of impact assessment methodologies for agricultural water scarcity, focusing on characterisation factors (CFs) to assess the impacts related to freshwater consumption. The core biophysical metric here is 'freshwater consumption' in relation to agricultural water scarcity. This directly aligns with PB5's focus on human withdrawal and consumption of freshwater. There are no explicit mentions of other planetary boundaries such as climate change, ocean acidification, or biosphere integrity.",6.160627603530884
e94f3a3a8624,None,N/A,None,"PB1, PB2, PB3, PB4, PB5, PB6, PB7, PB8, PB9","The abstract focuses on deriving healthy and sustainable dietary guidelines for different age groups in the Netherlands, considering both nutritional requirements and environmental impacts. The core metrics involve optimizing food consumption patterns to meet health recommendations while minimizing environmental impact, particularly regarding foods with high environmental footprints such as those rich in saturated fats, salt, sugar, and low in dietary fiber. However, there are no explicit references to biophysical metrics or chemical/physical substances that directly relate to the Planetary Boundaries framework's core definitions.",6.341204643249512
e9722863b198,PB6,Medium,PB4,"PB1, PB2, PB3, PB5, PB7, PB8, PB9","The abstract discusses the impacts of hydropower dam construction on riverine ecosystems, fisheries, agriculture, and GDP in the Mekong River Basin. It highlights significant biodiversity loss and economic consequences due to dam construction but does not explicitly mention biophysical metrics related to climate change (PB1), ocean acidification (PB2), stratospheric ozone depletion (PB3), atmospheric aerosol loading (PB9), or novel entities (PB8). The abstract mentions nutrient losses, sediment reduction, and impacts on fisheries and agriculture, which are relevant to PB4 (Biogeochemical Flows) due to the disruption of nutrient cycles. However, it does not provide explicit measurements or analyses of nitrogen/phosphorus flows, making the connection less direct but still relevant.",9.040433168411255
2cca03b7a82b,PB1,High,None,"PB2, PB4, PB5, PB6, PB7, PB8, PB9","The abstract focuses on the impact of climate change on water availability in a semi-arid region, using climate models to predict temperature and precipitation changes under different greenhouse gas emission scenarios. The study explicitly mentions global warming impacts, temperature increases, and their effects on freshwater availability due to increased evaporation rates. This directly aligns with PB1 (Climate Change) as it involves the core definition of human-driven alteration of the climate system through greenhouse gas emissions and associated warming.",6.247438669204712
61c5ef71efb6,PB8,High,None,"PB1, PB2, PB3, PB4, PB5, PB6, PB7, PB9","The abstract discusses plastic pollution and its transboundary movement in the marine environment, which aligns with PB8 (Novel Entities) due to the presence of synthetic chemicals and persistent substances. The text does not explicitly mention any other biophysical metrics or core definitions for other Planetary Boundaries.",5.06321907043457
9275249d37b1,None,N/A,None,"PB1, PB2, PB3, PB4, PB5, PB6, PB7, PB8, PB9","The abstract discusses the history and current state of French oyster culture, focusing on species replacement due to diseases and production methods. It does not mention any biophysical metrics or impacts related to climate change, ocean acidification, stratospheric ozone depletion, nutrient flows, freshwater use, land-system changes, biosphere integrity, novel entities, atmospheric aerosol loading, or other planetary boundaries. The content is purely historical and descriptive without any explicit scientific measurements or analyses of core boundary metrics.",6.212363004684448
c36b323b0cc5,PB1,Medium,None,"PB2, PB3, PB4, PB5, PB6, PB7, PB8, PB9","The abstract focuses on the impact of oceanic heat transport changes on global atmospheric circulation, thermodynamic properties, and climate system efficiency. The core metrics discussed include near-surface temperature, meridional circulation patterns, Hadley and Ferrel cell dynamics, diabatic heating, friction impacts, and entropy production. While these are critical aspects of climate science, the abstract does not explicitly mention greenhouse gas emissions, warming, or direct climate impact language that would activate PB1 (Climate Change) beyond its core focus on atmospheric and oceanic circulation.",6.9518396854400635
3e713b4c8d88,PB5,High,None,"PB1, PB2, PB3, PB4, PB6, PB7, PB8, PB9","The abstract focuses on the impact of agricultural practices, specifically precision agriculture and conservation tillage, on water pollution and deterioration. The study measures grey water footprints based on field data, application rates, and environmental factors. While it discusses freshwater use and its impacts, there is no explicit mention of biophysical metrics related to other planetary boundaries such as climate change (PB1), ocean acidification (PB2), stratospheric ozone depletion (PB3), or novel entities (PB8). The core focus on water footprints and pollution aligns with PB5's definition of freshwater use, particularly in the context of agricultural withdrawals and consumption.",7.616294622421265
efb1b08a09c7,None,N/A,None,"PB1, PB2, PB3, PB4, PB5, PB6, PB7, PB8, PB9","The abstract focuses on the parameterization of bulk formulas for ocean-atmosphere interactions, specifically examining wind stress, turbulent heat flux, and evaporation. The study does not explicitly mention any biophysical metrics or impacts related to specific Planetary Boundaries beyond atmospheric and oceanic processes. There is no explicit reference to climate change drivers (emissions, warming), ocean acidification (pH, carbonate chemistry), ozone depletion (ozone layer, CFCs), nutrient flows (N, P, eutrophication), freshwater use (withdrawals, irrigation), land-system changes (deforestation, habitat conversion), biodiversity loss (species decline, ecosystem integrity), novel entities (synthetic chemicals, engineered substances), or atmospheric aerosol loading (particulate matter, black carbon). The study is purely focused on the technical aspects of ocean-atmosphere interactions and does not cross into any specific Planetary Boundary framework criteria.",9.36279582977295
b2e0093480c9,None,N/A,None,"PB1, PB2, PB3, PB4, PB5, PB6, PB7, PB8, PB9","The abstract discusses the concept of entropy in post-industrial landscapes and its application to design processes. It does not explicitly mention any biophysical metrics, chemical substances, or physical impacts related to Planetary Boundaries. The focus is on theoretical and conceptual applications rather than empirical measurements or analyses of specific environmental metrics.",4.889447927474976
e54a64612267,None,N/A,None,"PB1, PB2, PB3, PB4, PB5, PB6, PB7, PB8, PB9","The abstract focuses on the analysis of rainfall intermittency using high-resolution data from tipping-bucket gauges. It explores different aspects of rainfall variability, including fragmentation of rainfall support and intensity fluctuations. The study does not explicitly mention any biophysical metrics or chemical/physical substances related to Planetary Boundaries (PBs). There is no direct reference to climate change, ocean acidification, stratospheric ozone depletion, nutrient flows, freshwater use, land-system changes, biosphere integrity, novel entities, or atmospheric aerosol loading. The research is purely focused on the variability and intermittency of rainfall patterns without addressing any specific biophysical impacts.",7.395745277404785
a4fb643800d7,None,N/A,None,"PB1, PB2, PB3, PB4, PB5, PB6, PB7, PB8, PB9","The abstract focuses on atmospheric radionuclides and their activity concentrations in the troposphere, particularly over Europe. The core scientific metrics involve measuring specific radionuclide concentrations such as 222Rn, 220Rn, 5Kr, Τ(Ή), 4C, 37Ar, 7Be, and 212Pb. These measurements are explicitly biophysical in nature but do not directly relate to any of the core definitions or UPV contexts provided for the Planetary Boundaries (PBs). The abstract does not discuss climate change, ocean acidification, stratospheric ozone depletion, nutrient flows, freshwater use, land-system changes, biosphere integrity, novel entities, or atmospheric aerosol loading. Therefore, based on the exclusion rules and the lack of direct relevance to any PB core definitions, no Planetary Boundaries are activated.",9.38875436782837
6f65d7f2f5f8,PB6,High,None,"PB1, PB2, PB3, PB4, PB5, PB7, PB8, PB9","The abstract focuses on the impacts of land-cover changes in the Agusan River Basin, particularly noting decreases in forest cover and increases in agricultural areas. The study uses remote sensing and hydrological models to assess how these changes affect discharge, flood depth, and extent. While it discusses significant alterations in natural land cover (forest to agriculture), which aligns with PB6's core definition of conversion of natural land cover into human-modified systems, the abstract does not explicitly mention any other biophysical metrics related to other Planetary Boundaries.",6.869655609130859
662818aff829,None,N/A,None,"PB1, PB2, PB4, PB5, PB6, PB7, PB8, PB9","The abstract discusses transboundary environmental issues, focusing on the interdependence of human life with natural resources across political borders. It mentions atmospheric pollution and water usage impacts but does not provide specific biophysical metrics or explicit references to core definitions of any Planetary Boundaries (PBs). The text is more focused on conceptual frameworks for managing cross-border territories rather than detailed scientific measurements or analyses.",5.422482490539551
d418cdcbdedd,None,N/A,None,"PB1, PB2, PB3, PB4, PB5, PB6, PB7, PB8, PB9","The abstract focuses on the evaluation of the Surface Energy Balance System (SEBS) model for estimating evapotranspiration and sensible heat fluxes using remote sensing data. The study does not explicitly mention any biophysical metrics or impacts related to the core definitions of the Planetary Boundaries framework, such as climate change, ocean acidification, ozone depletion, nutrient flows, freshwater use, land-system changes, biosphere integrity, novel entities, or atmospheric aerosol loading. The research is purely methodological and does not address any direct environmental impact.",6.631447076797485
70f693b8a76e,None,N/A,None,"PB1, PB2, PB3, PB4, PB5, PB6, PB7, PB8, PB9","The abstract discusses the presence and behavior of water ice in the inner solar system, focusing on Mercury, the Moon, and Ceres. It mentions exospheric species, cold traps, and interactions with the solar wind that generate OH or H2O. However, these phenomena are strictly within the context of planetary science and do not relate to Earth's biophysical systems or human impacts.",5.439728260040283
d002a922aec5,PB6,High,"PB4, PB5","PB1, PB2, PB3, PB7, PB8, PB9","The abstract discusses the effects of urban and agricultural land use changes on nearshore abundance patterns of fish and crustaceans in coastal systems. It mentions shoreline hardening, which is a form of land-system change. The study also examines the relationship between land cover (e.g., cropland) and faunal populations, indicating potential impacts on nutrient loading and freshwater use due to agricultural runoff and water management practices. However, there are no explicit references to climate change metrics, ocean acidification, stratospheric ozone depletion, or novel entities.",7.7814929485321045
fd5e38820a05,PB6,High,None,"PB1, PB2, PB3, PB4, PB5, PB7, PB8, PB9","The abstract focuses on the drivers of forest fragmentation, specifically agricultural expansion and commodity-driven deforestation. It uses remote sensing to map land cover changes and assesses the impacts on forest-dwelling species based on their traits. The study does not explicitly measure or model any biophysical metrics related to climate change (PB1), ocean acidification (PB2), stratospheric ozone depletion (PB3), freshwater use (PB5), atmospheric aerosol loading (PB9), novel entities (PB8). However, it clearly addresses land-system changes through forest fragmentation and habitat conversion. The exclusion rules for PB6 are not violated as the study explicitly describes land-cover conversion and deforestation.",7.9230780601501465
3bbd6f08b6ac,PB1,Medium,PB6,"PB2, PB3, PB4, PB5, PB7, PB8, PB9","The abstract discusses global change, including rapid urbanization and climate destabilization, which directly impacts water resources management. It mentions the physical environment, social environment, and constructed infrastructure environment, but does not explicitly measure or analyze specific biophysical metrics for any Planetary Boundary except for indirect references to climate destabilization.",5.546020984649658
697b132b1c14,None,N/A,None,"PB1, PB2, PB3, PB4, PB5, PB6, PB7, PB8, PB9","The abstract focuses on the recyclability, durability, and water vapor adsorption properties of compressed earth bricks with different stabilizers. The study does not explicitly mention any biophysical metrics related to climate change (PB1), ocean acidification (PB2), stratospheric ozone depletion (PB3), nutrient flows (PB4), freshwater use (PB5), land-system changes (PB6), biosphere integrity (PB7), novel entities (PB8), or atmospheric aerosol loading (PB9). The research is purely technical and does not engage with the core definitions of any Planetary Boundaries. Therefore, based on the exclusion rules, no Planetary Boundary can be assigned.",7.610682487487793
bbf5ed8cca66,None,N/A,None,"PB1, PB2, PB3, PB4, PB5, PB6, PB7, PB8, PB9","The abstract discusses the evolutionary history and classification of lycophytes, focusing on their morphological characteristics and phylogenetic relationships. It does not contain any biophysical metrics or explicit references to environmental impacts that would align with the Planetary Boundaries framework.",4.714142084121704
8e0c39744cf1,None,N/A,None,"PB1, PB2, PB3, PB4, PB5, PB6, PB7, PB8, PB9","The abstract discusses the literary and intermedial aspects of 'The Three-Body Problem' by Cixin Liu, focusing on narrative techniques and virtual reality representation. There are no explicit references to any biophysical metrics or environmental impacts relevant to Planetary Boundaries.",4.490946292877197
362e76793312,None,N/A,None,"PB1, PB2, PB3, PB4, PB5, PB6, PB7, PB8, PB9","The abstract discusses the relevance of factors such as under-nutrition and governance to future infectious diseases. It does not mention any specific biophysical metrics, chemical substances, or physical processes related to Planetary Boundaries. The content is focused on social sciences and public health determinants without explicit references to environmental metrics.",4.926787614822388
888d4516378f,None,N/A,None,"PB1, PB2, PB3, PB4, PB5, PB6, PB7, PB8, PB9","The abstract is a commentary on top-cited Boundary-Layer Meteorology articles and does not contain specific biophysical metrics, chemical substances, or explicit references to any of the Planetary Boundaries' core definitions. It discusses general topics related to atmospheric science but lacks concrete measurements or analyses that would activate any PB.",4.885491847991943
f21bc832abc6,PB7,High,None,"PB1, PB2, PB3, PB4, PB5, PB6, PB8, PB9","The abstract discusses the impact of human presence and land use change on mammal species occurrence and activity levels. It focuses on ecological and life history traits that predict success in human-dominated landscapes, highlighting thresholds in mammals' capacity to tolerate disturbance or exploit such environments. The study does not explicitly measure any biophysical metrics related to Planetary Boundaries but discusses the broader impacts of anthropogenic disturbances on biodiversity and ecosystem integrity.",5.982316970825195
bc0e0fcc32f5,None,N/A,None,"PB1, PB2, PB3, PB4, PB5, PB6, PB7, PB8, PB9","The abstract focuses on the seasonal variations of energy balance components over different surfaces using eddy covariance and large aperture scintillometer systems. The study does not explicitly mention any biophysical metrics or impacts related to climate change, ocean acidification, stratospheric ozone depletion, biogeochemical flows, freshwater use, land-system changes, biosphere integrity, novel entities, or atmospheric aerosol loading. There are no terms that directly relate to the core definitions of these planetary boundaries.",6.195517539978027
9e1320ce502d,None,N/A,None,"PB1, PB2, PB3, PB4, PB5, PB6, PB7, PB8, PB9","The abstract focuses on the use of mesoscale models to examine hurricane forecast performance, specifically track and intensity. The study does not explicitly mention any biophysical metrics or chemical/physical substances related to Planetary Boundaries other than atmospheric phenomena indirectly through hurricane modeling. There is no explicit reference to climate change mitigation, ocean acidification, stratospheric ozone depletion, nutrient flows, freshwater use, land-system changes, biosphere integrity, novel entities, or aerosol loading.",6.059173107147217
9c540c6b7af5,None,N/A,None,"PB1, PB2, PB3, PB4, PB5, PB6, PB7, PB8, PB9","The abstract focuses on the development and application of a penetrator device for measuring thermal properties in planetary regolith. The study does not explicitly mention any biophysical metrics or chemical substances related to the Planetary Boundaries framework. It discusses temperature, thermal diffusivity, convection, and heat transfer mechanisms but these are within the context of planetary science rather than Earth's environmental systems.",5.497118711471558
3e5fff353a4c,None,N/A,None,"PB1, PB2, PB3, PB4, PB5, PB6, PB7, PB8, PB9","The abstract discusses climatic conditions for the emergence and flight of mountain pine beetle, focusing on implications for long-distance dispersal. The primary focus is on climate conditions which can be related to PB1 (Climate Change) due to its relevance to temperature and weather patterns affecting insect behavior. However, there are no explicit mentions of greenhouse gases, emissions, warming or direct mitigation strategies that would strongly activate PB1 beyond thematic context.",5.68418550491333
0f84341d7e44,None,N/A,None,"PB1, PB2, PB3, PB4, PB5, PB6, PB7, PB8, PB9","The abstract discusses the Global Biodiversity Framework (GBF) and its goals related to area-based conservation, focusing on characteristics of protected and conserved areas that contribute significantly to biodiversity conservation. The text emphasizes ecological integrity, effective management, and equitable governance of large-scale conservation landscapes. While it mentions biodiversity and habitat conservation, there are no explicit references to biophysical metrics or impacts relevant to the Planetary Boundaries framework such as climate change (PB1), ocean acidification (PB2), stratospheric ozone depletion (PB3), nutrient flows (PB4), freshwater use (PB5), land-system changes (PB6), novel entities (PB8), or atmospheric aerosol loading (PB9). The abstract does not violate any exclusion rules and focuses on biodiversity conservation, which aligns closely with PB7 but is too generic to activate it without explicit references to species decline, habitat conversion, or ecosystem integrity.",9.244410037994385
8a3d4a75e493,None,N/A,None,"PB1, PB2, PB3, PB4, PB5, PB6, PB7, PB8, PB9","The abstract discusses the concept of planetary sustainability in the context of space mining and environmental protection, but it does not contain any explicit biophysical metrics or measurements related to Planetary Boundaries. The discussion is primarily philosophical and theoretical without specific scientific data or analysis relevant to PBs.",4.739057540893555
691e52606885,None,N/A,None,"PB1, PB2, PB3, PB4, PB5, PB6, PB7, PB8, PB9","The abstract discusses the coevolutionary dynamics of bacteria–bacteriophage interactions influenced by resource availability, dispersal, and infection genetics. The content is purely theoretical and biological without any explicit mention of biophysical metrics or environmental impacts that would align with the Planetary Boundaries framework.",4.714642286300659
915bef103e53,PB1,High,None,"PB2, PB4, PB5, PB6, PB7, PB8, PB9","The abstract discusses regional geo-ecological prognoses based on empirical-statistical models of zonal and regional ecosystems, focusing on the impact of climatic changes. The analysis includes predictions of ecosystem transformations due to global warming, which directly relates to climate change metrics.",4.777172803878784
b04f1061de65,None,N/A,None,"PB1, PB2, PB3, PB4, PB5, PB6, PB7, PB8, PB9","The abstract discusses the importance of social and environmental responsibility in business, focusing on care for employees, local communities, and the environment. However, it does not mention any specific biophysical metrics or core terms related to Planetary Boundaries such as climate change, ocean acidification, stratospheric ozone depletion, nutrient flows, freshwater use, land-system changes, biosphere integrity, novel entities, or atmospheric aerosol loading.",5.688554286956787
1abd6b3d8d8b,None,N/A,None,"PB1, PB2, PB3, PB4, PB5, PB6, PB7, PB8, PB9","The abstract describes a transdisciplinary scenario planning workshop focused on improving stakeholder integration and exploring regional planning scenarios. The paper does not explicitly measure or analyze any biophysical metrics related to the Planetary Boundaries framework. It discusses social science methodologies, stakeholder engagement, and policy planning without delving into environmental impacts, emissions, chemical substances, land use changes, water management, biodiversity loss, aerosol loading, or ocean acidification.",5.765161037445068
763c5ac1d0cb,None,N/A,None,"PB1, PB2, PB3, PB4, PB5, PB6, PB7, PB8, PB9","The abstract discusses the theoretical and conceptual aspects of sustainable development and green economy, focusing on economic, social, and environmental sustainability. It does not mention any specific biophysical metrics or core terms related to Planetary Boundaries such as climate change, ocean acidification, stratospheric ozone depletion, nutrient flows, freshwater use, land-system changes, biosphere integrity, novel entities, or atmospheric aerosol loading. The content is purely theoretical and thematic without explicit references to the physical impacts of human activities on Earth's systems.",6.308657169342041
42c958306230,None,N/A,None,"PB1, PB2, PB3, PB4, PB5, PB6, PB7, PB8, PB9","The abstract focuses on the development of a model to estimate soil water retention capacity using pedotransfer functions. It does not explicitly mention any biophysical metrics or impacts related to climate change, ocean acidification, stratospheric ozone depletion, nutrient flows, freshwater use, land-system changes, biosphere integrity, novel entities, or atmospheric aerosol loading. The terms and concepts discussed are strictly within the domain of soil science and do not cross over into environmental impact assessments that would trigger any Planetary Boundaries.",6.436835050582886
6adf36ff1a69,PB8,High,None,"PB1, PB2, PB3, PB4, PB5, PB6, PB7, PB9","The abstract focuses on the effects of heavy metals (copper, lead, manganese) and natural antioxidants (humic acid, vitamin C, vitamin E, glutathione) on tomato and kidney bean plants. The study measures vegetative growth parameters, fruit quality, storability, and heavy metal content in plant organs. While it discusses pollution stress and the removal of poisonous elements by antioxidant treatments, there is no explicit mention of biophysical metrics related to any Planetary Boundaries except for PB8 (Novel Entities) due to the presence of synthetic chemicals or engineered substances.",7.327683925628662
21ecc353ac74,None,N/A,None,"PB1, PB2, PB3, PB4, PB5, PB6, PB7, PB8, PB9","The abstract discusses the legal and normative aspects of rights-based biodiversity (RBB) lawsuits, focusing on how these norms are becoming increasingly important in legal challenges aimed at protecting biodiversity. The text does not mention any specific biophysical metrics or chemical/physical substances related to Planetary Boundaries. It is purely a social science analysis without explicit reference to the core definitions or UPV context terms of any PBs.",5.715763568878174
cb831c750a69,None,N/A,None,"PB1, PB2, PB3, PB4, PB5, PB6, PB7, PB8, PB9","The abstract focuses on the use of extinct species as conservation flagships to raise awareness and funding for threatened species. It does not contain any explicit biophysical metrics, chemical substances, or physical processes related to Planetary Boundaries. The terms used are primarily social science-oriented and do not align with the core definitions or UPV contexts of any PBs.",5.294102668762207
78dc23f39924,PB7,High,None,"PB1, PB2, PB3, PB4, PB5, PB6, PB8, PB9","The abstract focuses on the relationship between biodiversity and ecosystem functioning (BEF) across scales, considering complex adaptive systems. It discusses how species interactions with climate, resource availability, and disturbance regimes affect ecological processes. The core scientific metric is biodiversity, which directly relates to PB7 (Biosphere Integrity). There are no explicit mentions of biophysical metrics or chemical/physical substances that would activate other Planetary Boundaries.",5.9986655712127686
5d9cbb3d18a7,PB8,High,None,"PB1, PB2, PB3, PB4, PB5, PB6, PB7, PB9","The abstract discusses microplastics, which are synthetic particles that can be considered novel entities due to their engineered nature and potential harmful effects on the environment. The text explicitly mentions the release of these substances into various ecosystems (aquatic, terrestrial, human systems), aligning with PB8's core definition and UPV context terms like 'wastewater micropollutants' and 'plastic waste'. No other Planetary Boundaries are directly addressed in the abstract.",6.406556129455566
fd7c9736c65e,None,N/A,None,"PB1, PB2, PB3, PB4, PB5, PB6, PB7, PB8, PB9","The abstract focuses on the structural analysis of RNA molecules and their roles in viral infections, specifically hepatitis C virus. It discusses advancements in high-throughput methodologies and bioinformatic tools for analyzing RNA folding and structure. There are no explicit references to any biophysical metrics or environmental impacts related to Planetary Boundaries.",4.918508052825928
bb758b998875,,N/A,None,"PB1, PB2, PB3, PB4, PB5, PB6, PB7, PB8, PB9","The abstract focuses on the parameterization of ice crystal formation in meteorological and climate models, specifically addressing aerosol interactions with ice clouds. The core scientific metric involves ice water content (IWC) and heterogeneous nucleation processes. While the study discusses atmospheric conditions relevant to aerosols and radiation, it does not explicitly measure or analyze biophysical metrics related to other planetary boundaries such as ocean acidification, ozone depletion, nutrient flows, freshwater use, land-system change, biosphere integrity, novel entities, or atmospheric aerosol loading beyond the context of ice cloud formation. The exclusion rules for PB2 through PB9 are not violated since there is no explicit mention of biophysical metrics relevant to these boundaries.",8.165082931518555
12b645b93197,None,N/A,None,"PB1, PB2, PB3, PB4, PB5, PB6, PB7, PB8, PB9","The abstract focuses on the neuroprotective effects of antioxidant therapy in a rat model of ischemic stroke. It does not mention any biophysical metrics or environmental impacts relevant to the Planetary Boundaries framework. The study is purely biomedical and does not address climate, ocean acidification, stratospheric ozone depletion, nutrient flows, freshwater use, land-system change, biosphere integrity, novel entities, or atmospheric aerosol loading.",6.036157608032227
eac718b2695f,None,N/A,None,"PB1, PB2, PB3, PB4, PB5, PB6, PB7, PB8, PB9","The abstract focuses on the exploitation of graphic card processor technology within SAP NetWeaver Business Intelligence Accelerator (BIA) to speed up data mining processes. The content is purely technical and does not mention any biophysical metrics, environmental impacts, or chemical/physical substances related to Planetary Boundaries. Therefore, all PBs are excluded based on the critical exclusion rules.",5.455850124359131
aa624c008b5e,PB9,High,None,"PB1, PB2, PB3, PB4, PB5, PB6, PB7, PB8","The abstract discusses the impact of aviation NOx emissions on global climate and local air quality, specifically mentioning ozone levels and aerosol emissions. The core biophysical metrics include NOx emissions, ozone production efficiency, and aerosols. While the study involves atmospheric chemistry and aerosol loading, it does not explicitly focus on other planetary boundaries such as ocean acidification or stratospheric ozone depletion. The exclusion rules for PB2 (Ocean Acidification) and PB3 (Stratospheric Ozone Depletion) are strictly applied since there is no explicit mention of pH decline, carbonate chemistry, or CFCs. However, the abstract clearly measures aerosol emissions and their impact on climate, which aligns with PB9's core definition.",8.178116798400879
b98dbc59db77,None,N/A,None,"PB1, PB2, PB3, PB4, PB5, PB6, PB7, PB8, PB9","The abstract discusses organizational change and its inherent nature within organizations, focusing on the continuous process of reweaving actors' beliefs and habits. There are no explicit references to any biophysical metrics or environmental impacts that would align with the Planetary Boundaries framework.",4.664046049118042
86f81d458b73,None,N/A,None,"PB1, PB2, PB3, PB4, PB5, PB6, PB7, PB8, PB9","The abstract discusses the development of a knowledge graph completion framework (REFORM) that addresses issues related to incomplete KGs and errors in automatically constructed KGs. The focus is on few-shot learning, error mitigation, and relation extraction within artificial intelligence systems. There are no explicit references to any biophysical metrics or environmental impacts relevant to Planetary Boundaries.",5.225169897079468
6f01ecadd134,None,N/A,None,"PB1, PB2, PB3, PB4, PB5, PB6, PB7, PB8, PB9","The abstract discusses bioinformatic workflow fragment discovery leveraging a social-aware knowledge graph. There are no explicit references to any biophysical metrics, chemical substances, or environmental impacts that align with the Planetary Boundaries framework. The work is purely in the domain of information engineering and computer science without any direct connection to climate change, ocean acidification, stratospheric ozone depletion, nutrient flows, freshwater use, land-system changes, biosphere integrity, novel entities, or atmospheric aerosol loading.",6.134496212005615
920f794e4330,None,N/A,None,"PB1, PB2, PB3, PB4, PB5, PB6, PB7, PB8, PB9","The abstract discusses the concept of Conditional Heavy Hitters in the context of network monitoring and Markov chain modeling. It introduces algorithms for identifying such items efficiently but does not mention any biophysical metrics, chemical substances, or environmental impacts relevant to Planetary Boundaries.",4.5212788581848145
5aaab1fa33a3,PB9,High,None,"PB1, PB2, PB3, PB4, PB5, PB6, PB7, PB8","The abstract focuses on the modeling and measurement of aerosol speciation, size distribution, and particulate matter (PM2.5, PM10) across a large geographical area during summer 2013. The study explicitly measures AOD, ASD, and surface concentrations of particulates, which are core metrics for PB9 (Atmospheric Aerosol Loading). While the research context is broader in terms of air quality and climate impacts, it does not violate the exclusion rules as it directly addresses aerosol loading and particulate matter.",7.0079827308654785
366136a3d081,None,N/A,None,"PB1, PB2, PB3, PB4, PB5, PB6, PB7, PB8, PB9","The abstract focuses on the development and application of a trust model (ACO-BTM) in cloud computing, specifically addressing issues related to dynamic trust relationships between entities. The content does not mention any biophysical metrics or environmental impacts relevant to Planetary Boundaries. There are no explicit references to climate change, ocean acidification, stratospheric ozone depletion, nutrient flows, freshwater use, land-system changes, biosphere integrity, novel entities, or atmospheric aerosol loading.",6.2152721881866455
8319c3cdd2d2,PB9,High,None,"PB1, PB2, PB3, PB4, PB5, PB6, PB7, PB8","The abstract focuses on Lidar measurements of smoke layers and their optical properties, estimating the origin of aerosol pollution using dispersion models. The analysis includes land cover types and vegetation burned areas but does not explicitly discuss climate change impacts, ocean acidification, stratospheric ozone depletion, biogeochemical flows, freshwater use, land-system changes, biosphere integrity, novel entities or atmospheric aerosol loading beyond the core measurement of smoke layers and particulate matter. The study is primarily concerned with air quality and pollution dispersion but does not delve into broader environmental impacts that would activate other PBs.",7.239865064620972
e727426383d4,PB9,High,None,"PB1, PB2, PB3, PB4, PB5, PB6, PB7, PB8","The abstract focuses on atmospheric circulation and pollutant dispersion in mountainous regions using high-resolution meteorological models. It explicitly mentions particulate matter (PM10) and nitrogen dioxide concentrations, which are key metrics for assessing air quality and pollution events. The study does not delve into the biophysical impacts of aerosol loading beyond the measurement and modeling context. However, since PM10 is a direct measure of atmospheric aerosols, PB9 must be considered.",6.337637662887573
bb87293d7644,None,N/A,None,"PB1, PB2, PB3, PB4, PB5, PB6, PB7, PB8, PB9","The abstract discusses theoretical and conceptual aspects of climate governance, focusing on the interactions between public and private sectors in addressing global climate change. It does not contain any explicit biophysical metrics or measurements related to Planetary Boundaries such as greenhouse gas emissions, ocean pH levels, ozone depletion substances, nutrient flows, freshwater use, land cover conversion, biodiversity loss, novel entities, or atmospheric aerosols. The content is primarily social science and policy-oriented without direct scientific measurement of the core definitions of any PBs.",6.395055532455444
3d6573117d0b,None,N/A,None,"PB1, PB2, PB3, PB4, PB5, PB6, PB7, PB8, PB9","The abstract discusses the need for a repositioning of societal values and worldviews to address global environmental challenges. It emphasizes the importance of reconnecting with natural ecosystems but does not provide any specific biophysical metrics, chemical substances, or direct measurements related to Planetary Boundaries. The text is primarily philosophical and lacks explicit references to core definitions or UPV context terms for any PB.",5.4059648513793945
788da8b73d1d,None,N/A,None,"PB1, PB2, PB3, PB4, PB5, PB6, PB7, PB8, PB9","The abstract discusses the pretreatment of switchgrass using ionic liquids and enzymatic hydrolysis to produce fermentable sugars for renewable fuels. The focus is on biotechnological processes rather than direct environmental impacts or measurements related to Planetary Boundaries. There are no explicit mentions of climate change, ocean acidification, stratospheric ozone depletion, nutrient flows, freshwater use, land-system changes, biosphere integrity, novel entities, atmospheric aerosol loading, or any other terms that would directly activate a specific PB.",6.366901636123657
73261bea95b6,None,N/A,None,"PB1, PB2, PB3, PB4, PB5, PB6, PB7, PB8, PB9","The abstract focuses on genetic analysis related to sudden cardiac death and does not mention any biophysical metrics, chemical substances, or environmental impacts relevant to the Planetary Boundaries framework. The research is purely biomedical and does not intersect with any of the PBs' core definitions or UPV contexts.",4.797930479049683
455162266eca,None,N/A,None,"PB1, PB2, PB3, PB4, PB5, PB6, PB7, PB8, PB9","The abstract discusses a novel hybrid recommendation strategy for improving collaborative filtering in resource recommenders. It does not contain any explicit biophysical metrics, chemical substances, or physical processes related to the Planetary Boundaries framework. The content is purely theoretical and falls under information technology and data science without any direct environmental impact.",4.817075967788696
f13c652030d7,PB9,High,None,"PB1, PB2, PB3, PB4, PB5, PB6, PB7, PB8","The abstract focuses on the quantification of black carbon formation in savanna fires, measuring volatilization ratios of C, H, N, and S. It explicitly mentions particulate matter (black carbon) and its atmospheric implications. The study does not delve into broader climate impacts or greenhouse gas emissions directly related to PB1 but clearly measures aerosol components relevant to PB9.",5.775434732437134
ec09b2719157,PB9,High,None,"PB1, PB2, PB3, PB4, PB5, PB6, PB7, PB8","The abstract focuses on the impact of Asian dust aerosols on cloud radiative forcing, using satellite data and a radiative transfer model. The study measures particulate effects directly related to atmospheric aerosol loading, which is explicitly covered under PB9's core definition and UPV context.",5.027023792266846
683e518543a2,PB9,High,None,"PB1, PB2, PB3, PB4, PB5, PB6, PB7, PB8","The abstract focuses on the measurement and calibration of organic carbon (OC) and elemental carbon (EC) using multiwavelength spectrometry. The core scientific metric involves aerosol particles, specifically OC and EC, which are critical components in atmospheric aerosol loading. While the research is primarily about improving measurement protocols for air quality monitoring, it explicitly deals with particulate matter that affects regional climate patterns and air quality.",5.989402532577515
496666e9b6da,PB9,High,None,"PB1, PB2, PB3, PB4, PB5, PB6, PB7, PB8","The abstract focuses on the parameterization of aerosol activation into cloud droplets within a climate model, specifically examining how different schemes for aerosol activation affect global-scale cloud properties and radiative forcing. The core biophysical metric is the cloud droplet number concentration (CDNC), which directly relates to atmospheric aerosols and their impact on clouds. This work explicitly measures and models aerosol-cloud interactions, aligning closely with PB9's focus on atmospheric aerosol loading.",6.410574674606323
4f22542e7388,None,N/A,None,"PB1, PB2, PB4, PB5, PB6, PB7, PB8, PB9","The abstract describes the construction of climate model boundary conditions for the early Eocene period, focusing on topography, bathymetry, vegetation, aerosol distributions, and river runoff. While it mentions aerosols explicitly, this is in a paleoclimatic context rather than contemporary atmospheric pollution or particulate matter loading. The primary focus is on reconstructing past climate conditions, which does not directly relate to current biophysical metrics of the Planetary Boundaries framework.",5.890149831771851
83a1b1987b47,PB9,High,None,"PB1, PB2, PB3, PB4, PB5, PB6, PB7, PB8","The abstract discusses the TROPOMI level-2 aerosol layer height (ALH) product, which measures and retrieves ALH using oxygen A-band measurements. The core biophysical metric here is atmospheric aerosols, specifically their vertical distribution over cloud-free scenes. This directly aligns with PB9's focus on atmospheric aerosol loading. There are no explicit mentions of other Planetary Boundaries' metrics or impacts.",5.92747163772583
89c5bea6f4b6,None,N/A,None,"PB1, PB2, PB3, PB4, PB5, PB6, PB7, PB8, PB9","The abstract discusses Knudsen flow experiments and interfacial reactions on a molecular level, focusing on adsorption/desorption kinetics. The core scientific metrics involve gas flows and substrate interactions but do not explicitly mention any biophysical impacts or specific chemical/physical substances related to the Planetary Boundaries framework. There is no explicit reference to climate change, ocean acidification, stratospheric ozone depletion, nutrient cycles, freshwater use, land-system changes, biosphere integrity, novel entities, or atmospheric aerosol loading.",6.475554704666138
ad9445fe976c,PB9,High,None,"PB1, PB2, PB3, PB4, PB5, PB6, PB7, PB8","The abstract focuses on the hygroscopic properties of submicron aerosol particles and their growth factors at different relative humidities. The study measures aerosol particle behavior, which directly relates to atmospheric processes involving particulate matter. Given that the core definition of PB9 involves atmospheric aerosol loading and its effects on air quality and regional climate patterns, this abstract aligns closely with PB9's criteria.",6.0481836795806885
83964a920703,PB9,High,None,"PB1, PB2, PB3, PB4, PB5, PB6, PB7, PB8","The abstract focuses on the analysis of aerosol–cloud interactions during volcanic degassing events. It measures changes in cloud properties such as effective radius, droplet number concentration, and albedo due to volcanic emissions. The study explicitly mentions aerosols and their effects on clouds and climate patterns, which aligns with PB9's core definition.",5.472883462905884
9164ad05c489,PB9,High,None,"PB1, PB2, PB3, PB4, PB5, PB6, PB7, PB8","The abstract focuses on the microphysical and optical properties of aerosol during a mega-fire event in Siberia, using ground-based measurements and satellite observations. The core biophysical metric explicitly mentioned is 'aerosol optical depth (AOD)', which directly relates to PB9 (Atmospheric Aerosol Loading). There are no explicit mentions or implications that would trigger any other Planetary Boundaries based on the provided UPV context and activation logic.",6.21233057975769
260cc6707374,None,N/A,None,"PB1, PB2, PB4, PB5, PB6, PB7, PB8, PB9","The abstract focuses on the atmospheric deposition of dissolved organic matter (DOM) and its impact on the Mediterranean Sea. The study measures dissolved organic carbon (DOC), phosphorus, and nitrogen inputs from Saharan dust. While it discusses aerosol loading indirectly through particulate matter transport, there is no explicit measurement or analysis of aerosols themselves that would directly activate PB9. The primary biophysical metric discussed is DOM deposition, which does not align with any specific Planetary Boundary core definitions.",6.07222056388855
0672168600bf,PB9,High,None,"PB1, PB2, PB3, PB4, PB5, PB6, PB7, PB8","The abstract focuses on the measurement and analysis of aerosol properties, cloud condensation nuclei (CCN), and trace gases in the marine boundary layer. The study explicitly measures non-refractory submicrometer aerosol mass loading, which is a direct biophysical metric relevant to PB9. While the research also touches upon broader topics such as climate models and air quality, it does not violate any exclusion rules for other planetary boundaries.",6.307566404342651
7e7db277fd49,None,N/A,None,"PB1, PB2, PB3, PB4, PB5, PB6, PB7, PB8, PB9","The abstract focuses on the retrieval and analysis of SO2 column densities from satellite observations, specifically using OMI data. It discusses discrepancies between different retrieval products and evaluates their consistency with ground-based measurements and emission inventories. The core biophysical metric is sulfur dioxide (SO2) emissions, which are linked to air quality, particulate matter formation, and health impacts. However, the abstract does not explicitly mention aerosol loading or other metrics directly related to PB9's core definition of atmospheric aerosols. It also lacks explicit references to climate change, ocean acidification, stratospheric ozone depletion, biogeochemical flows, freshwater use, land-system changes, biosphere integrity, novel entities, or any other planetary boundary criteria.",9.179514408111572
edcffe92f4f7,PB9,High,None,"PB1, PB2, PB3, PB4, PB5, PB6, PB7, PB8","The abstract focuses on the measurement of trace metal content in PM10 and PM2.5 particles from various urban centers across Spain, explicitly mentioning particulate matter concentrations (PM10 and PM2.5) which are directly related to atmospheric aerosol loading. The study does not delve into broader issues such as climate change, ocean acidification, ozone depletion, biogeochemical flows, freshwater use, land-system changes, biosphere integrity, or novel entities.",6.443094253540039
b9283c8bb52e,PB9,High,None,"PB2, PB3, PB4, PB5, PB6, PB7, PB8","The abstract focuses on the monitoring and analysis of fog episodes in Pakistan, particularly using satellite data to map aerosol distribution and types. It also includes ground-level measurements of particulate matter (PM10) concentrations. The study identifies significant correlations between MODIS AOD and ground-based PM10 levels, indicating a strong focus on atmospheric particles and their impacts during winter fog conditions.",5.64086389541626
d1fc7e47a220,PB9,High,None,"PB1, PB2, PB3, PB4, PB5, PB6, PB7, PB8","The abstract focuses on the chemical composition of secondary organic aerosol (SOA) particles formed by dark ozonolysis of α-pinene. The study characterizes these particles using high-resolution time-of-flight aerosol mass spectrometry, examining how particle mass loading and chemical composition change with varying concentrations of reacted α-pinene. Key terms include 'secondary organic aerosol', 'aerosol mass spectrometer', 'particle mass loading', and 'particulate matter'. The study explicitly measures particulate properties relevant to atmospheric aerosols, which directly aligns with PB9's core definition.",7.404903173446655
56c7d6d62d7c,PB9,High,None,"PB1, PB2, PB3, PB4, PB5, PB6, PB7, PB8","The abstract focuses on the investigation of dust aerosols and their radiative impact on regional climate. It measures optical features, single scattering albedo (SSA), surface radiation quantities, and aerosol shortwave direct radiative forcing (ARF). The core biophysical metric is aerosol loading and particulate characteristics, which directly align with PB9's focus on atmospheric aerosol loading.",5.866026878356934
6c517c5bda80,PB9,Low,None,"PB1, PB2, PB3, PB4, PB5, PB6, PB7, PB8","The abstract focuses on proxies and measurement techniques for mineral dust in Antarctic ice cores. This research is primarily concerned with paleoenvironmental studies, specifically the analysis of atmospheric aerosols from historical periods. The core biophysical metric here is 'mineral dust', which falls under the category of atmospheric aerosol loading. However, the context is historical and paleoclimatic rather than contemporary environmental pollution or air quality issues.",5.9941465854644775
08f457a29ab7,None,N/A,None,"PB1, PB2, PB3, PB4, PB5, PB6, PB7, PB8, PB9","The abstract discusses measurements of reactive halogen species, trace gases, and aerosols in the marine boundary layer. It focuses on air mass origins, concentrations of trace gases, and particulate matter (black carbon) in a remote location. The core biophysical metrics include NOx mixing ratios, black carbon, and soluble gas and aerosol composition measurements. However, these measurements are primarily contextualized within atmospheric chemistry and meteorology without explicit reference to the specific impacts on planetary boundaries such as climate change, ocean acidification, or stratospheric ozone depletion.",6.813074588775635
